# Blender 4.3.2
# www.blender.org
mtllib hand.mtl
o Hand
v -0.059389 -0.419299 1.407669
v -0.170433 -0.135638 1.421507
v 0.487295 -0.328743 1.425397
v -0.488570 0.092960 -0.044657
v -0.482254 -0.153515 -0.064386
v 0.398763 0.124796 0.003075
v -0.313103 0.196653 0.660525
v -0.017750 0.076574 0.302017
v -0.219115 0.141331 0.301361
v 0.322835 -0.140570 -0.058285
v -0.294684 -0.352074 0.617505
v 0.469688 -0.272094 0.589709
v -0.019689 -0.294495 0.278602
v -0.380208 -0.268117 0.884134
v 0.430386 0.047039 1.063305
v -0.113051 -0.387642 0.620154
v 0.275987 0.143085 -1.098149
v 0.173053 0.038864 -1.096837
v 0.535463 0.141670 -0.872138
v 0.450840 0.055750 -0.871650
v 0.515353 0.083918 -0.922459
v 0.564096 -0.004032 -0.400766
v 0.556794 0.028826 -0.662662
v 0.005051 0.153605 -1.283903
v -0.164658 -0.172341 -0.173053
v -0.138344 0.112053 -0.627344
v 0.036363 0.126773 -0.626604
v 0.038505 -0.028023 -0.766420
v -0.141144 -0.060572 -0.610434
v -0.128442 -0.002369 -1.043691
v -0.154991 -0.104593 -0.381104
v 0.044315 0.092329 -0.373038
v 0.055196 -0.084842 -0.381334
v -0.226498 -0.124323 -0.151137
v -0.241418 -0.038343 -0.529174
v -0.413745 -0.026996 -0.662745
v -0.422623 0.099883 -0.323327
v -0.898339 0.236676 0.239301
v -0.938733 0.088698 0.040738
v -1.019384 0.135584 0.270736
v -0.959867 0.241708 0.167601
v -0.968719 0.135460 0.317734
v -0.726958 0.214083 0.311080
v -0.793051 0.094769 0.554573
v -0.686223 -0.134984 0.476582
v -0.207313 -0.318478 1.412711
v 0.222566 -0.413860 1.413307
v 0.620903 0.113991 0.160364
v -0.523341 -0.140356 0.044788
v 0.611671 -0.104130 0.143003
v 0.435720 0.172490 0.156708
v -0.202975 0.121758 0.108085
v 0.473073 0.199495 0.485044
v 0.379706 -0.215604 0.295836
v 0.071100 -0.171198 -0.065171
v -0.219168 -0.195755 -0.067853
v 0.350896 -0.005926 -0.086443
v 0.073612 -0.058916 -0.122800
v -0.375174 -0.212117 -0.065244
v 0.493403 -0.138856 0.004766
v 0.558059 0.176893 0.333703
v -0.444882 -0.234989 0.234669
v -0.111736 -0.301675 0.269421
v -0.190214 0.145115 0.464461
v 0.544858 -0.243791 0.588461
v 0.145148 0.084162 1.073502
v 0.126664 -0.398604 1.020707
v -0.280452 0.079341 0.980916
v -0.460892 -0.222730 0.792258
v -0.332107 0.187025 0.803557
v 0.555497 0.150730 0.730965
v 0.390214 -0.333233 0.830798
v 0.193516 -0.282979 0.447505
v -0.084525 0.130424 0.874957
v -0.323683 -0.358340 0.774878
v 0.230833 0.023421 -1.097336
v 0.147748 0.002486 -0.914280
v 0.140785 0.116085 -0.433633
v 0.115529 -0.110184 -0.226371
v 0.092655 0.009298 -0.326120
v 0.353775 0.026103 -0.325455
v 0.482290 -0.097278 -0.090787
v 0.492428 0.161819 -0.404368
v 0.442616 0.157641 -0.707236
v 0.492170 -0.030230 -0.402293
v 0.402057 0.064852 -0.508525
v 0.423545 0.123187 -0.326112
v 0.560007 0.127592 -0.325405
v 0.541833 0.156311 -0.812200
v 0.581402 0.091418 -0.585693
v 0.492769 0.000395 -0.586006
v 0.423621 -0.004989 -0.440672
v 0.429845 0.023639 -0.685037
v -0.042248 0.029274 -1.281931
v 0.093084 -0.041766 -0.166314
v 0.031881 0.104199 -1.283517
v -0.200390 -0.063712 -0.165563
v -0.049077 0.080178 -1.357558
v -0.049467 0.157302 -0.617468
v -0.111550 0.161905 -1.048967
v 0.015113 0.174527 -1.049369
v -0.049438 -0.083961 -0.612203
v 0.070974 0.030432 -0.610076
v -0.156310 0.064896 -0.987265
v -0.136678 0.103278 -0.504395
v 0.034808 0.002728 -0.935262
v 0.047916 -0.061071 -0.508900
v -0.133497 -0.005286 -0.934730
v 0.063572 0.078532 -0.876091
v -0.146944 -0.075565 -0.508430
v -0.050156 0.122873 -0.370999
v -0.343711 0.114239 -0.135003
v -0.193304 -0.024240 -0.144888
v -0.329635 0.173674 -0.647495
v -0.241910 -0.037447 -0.577860
v -0.432369 0.073644 -0.849941
v -0.439442 -0.113913 -0.227938
v -0.257404 0.157076 -0.810289
v -0.254242 0.149872 -0.700573
v -0.245243 -0.009265 -0.704868
v -0.236825 0.087540 -0.216299
v -0.198208 0.020476 -0.327629
v 0.413174 -0.003280 1.180231
v 0.405178 0.109180 -0.044110
v 0.393318 -0.090088 -0.056254
v 0.317599 0.101503 -0.098107
v 0.122916 0.090914 -0.099694
v 0.047549 -0.170136 -0.139114
v 0.041754 0.051713 -0.122441
v -0.460844 0.075514 -0.096598
v -1.113082 0.047418 0.126233
v -0.941471 -0.012197 0.188533
v -1.169676 0.143809 0.125229
v -0.865456 0.016687 0.386711
v -1.046430 0.139723 0.242813
v -0.770691 -0.026166 0.247497
v -0.871550 0.235106 0.260261
v -0.755020 0.051817 0.225718
v -0.775613 0.199500 0.445546
v -1.038303 0.219861 0.197917
v -0.976663 0.084021 0.008502
v -0.884674 0.203338 0.359010
v -0.840015 -0.001861 0.193153
v -0.640606 -0.154900 0.548441
v -0.436668 -0.265645 0.429272
v 0.531626 0.164500 0.162547
v 0.224148 0.138919 0.127028
v 0.388651 -0.254347 0.458084
v 0.118938 -0.381868 0.854551
v 0.093567 0.105772 0.481387
v -0.272573 -0.404328 0.815520
v -0.255155 0.173186 0.483251
v 0.223856 0.152326 -0.432248
v 0.224099 0.191101 -0.898457
v 0.344315 0.040887 -0.435429
v 0.220632 -0.133756 -0.227334
v 0.493215 0.055410 -0.929988
v 0.577919 0.043904 -0.432741
v 0.492745 0.173766 -0.541074
v 0.408565 0.036115 -0.490579
v 0.414925 0.063687 -0.681917
v 0.374499 0.026436 -0.150763
v -0.049502 -0.100831 -0.509884
v -0.044240 0.014331 -1.196233
v -0.049586 0.141156 -0.503233
v -0.049350 0.187912 -0.941397
v -0.048777 0.047674 -1.364861
v -0.049024 0.165716 -0.693663
v -0.176078 0.010887 -0.505589
v -0.050865 -0.165806 -0.260839
v -0.329975 0.148681 -0.434707
v -0.191505 -0.001399 -0.221573
v -0.218567 0.018338 -0.568971
v -0.451649 0.025120 -0.438912
v -0.475051 -0.015559 -0.221812
v -0.208021 0.037247 -0.438135
v -0.335751 0.122941 -0.213805
v 0.527329 -0.174736 1.180594
v 0.216275 -0.173331 -0.114751
v -0.058256 -0.220835 -0.139404
v 0.082597 -0.056422 -0.134308
v -0.058979 0.090303 -0.116202
v -1.082741 0.047611 0.155863
v -0.809625 -0.016128 0.468445
v -0.790173 -0.048002 0.280358
v -1.117322 0.227054 0.079544
v -0.926856 0.180498 0.333960
v -0.765755 0.008375 0.233195
v 0.391158 -0.008275 1.427878
v 0.591022 0.106534 0.025517
v 0.651720 0.097969 0.630364
v -0.596864 0.156201 0.710151
v 0.647870 0.119019 0.333310
v -0.613086 0.198616 0.246979
v 0.585662 -0.094759 0.010674
v 0.634208 -0.117705 0.314361
v 0.626963 -0.171145 0.608153
v -0.555774 -0.198458 0.636858
v -0.577262 -0.136621 0.204604
v -0.180514 0.066130 -0.069831
v -0.262641 0.082641 -0.054026
v 0.111025 0.098224 -0.049307
v 0.039286 0.063023 -0.070496
v 0.326662 0.124467 -0.038179
v 0.498096 0.190687 0.619029
v 0.341528 0.172280 0.315806
v 0.460357 0.190907 0.329549
v 0.148432 0.096525 0.307891
v -0.357777 0.191541 0.299606
v 0.390395 -0.117897 -0.014800
v -0.254428 -0.194778 -0.076527
v -0.177815 -0.209592 -0.091706
v 0.040225 -0.197000 -0.091819
v 0.106687 -0.164573 -0.070362
v 0.440212 -0.201479 0.300788
v 0.321486 -0.232485 0.286990
v 0.134545 -0.266819 0.281451
v -0.196986 -0.307712 0.274664
v -0.326696 -0.279763 0.259400
v 0.617604 0.062505 0.799931
v -0.381756 0.131361 0.906760
v 0.592726 -0.194996 0.769936
v -0.143766 0.033677 1.065057
v -0.174493 -0.390663 1.019235
v 0.460635 -0.307407 1.006813
v 0.311048 -0.299247 0.609955
v 0.330321 0.169841 0.628357
v -0.093110 0.139911 0.630163
v 0.124593 0.086057 -0.137731
v 0.174644 0.135596 -1.097272
v 0.320056 0.094828 -0.137370
v 0.325274 -0.105945 -0.148741
v 0.112612 -0.133875 -0.151078
v 0.286870 0.044587 -1.097953
v 0.197693 0.070573 -1.158825
v 0.251525 0.073767 -1.159242
v 0.197220 0.029710 -1.159736
v 0.255486 0.032360 -1.160254
v 0.141640 0.132614 -0.641087
v 0.139117 0.121248 -0.538257
v 0.152971 0.147834 -0.942613
v 0.148648 0.147841 -0.857917
v 0.294588 0.166006 -0.858348
v 0.295661 0.158496 -0.943477
v 0.308772 0.131484 -0.538608
v 0.306379 0.143772 -0.641502
v 0.146231 -0.000824 -0.843527
v 0.153427 0.014374 -0.954085
v 0.307940 -0.018904 -0.657644
v 0.311390 -0.035831 -0.525280
v 0.136415 -0.043911 -0.525469
v 0.140112 -0.024920 -0.657581
v 0.297703 0.020762 -0.954546
v 0.301934 0.005245 -0.843736
v 0.150187 0.148557 -0.750051
v 0.141089 -0.003915 -0.750039
v 0.297906 0.157713 -0.750590
v 0.307018 0.001945 -0.750258
v 0.139557 -0.035364 -0.601677
v 0.310416 -0.026000 -0.604965
v 0.147949 -0.000580 -0.893728
v 0.300472 0.005450 -0.891805
v 0.133749 0.102856 -0.321520
v 0.122776 -0.079674 -0.330543
v 0.313579 0.109932 -0.321643
v 0.322756 -0.062327 -0.329451
v 0.408961 0.109324 -0.080778
v 0.452149 0.136445 -0.872270
v 0.573604 0.107718 -0.079923
v 0.573633 -0.056315 -0.088338
v 0.393786 -0.073244 -0.089932
v 0.544411 0.060305 -0.871963
v 0.471097 0.081429 -0.922560
v 0.470708 0.047394 -0.923150
v 0.518609 0.049685 -0.923215
v 0.425017 0.136037 -0.496748
v 0.422746 0.126830 -0.412130
v 0.434332 0.147770 -0.744968
v 0.430776 0.148203 -0.675215
v 0.554807 0.155023 -0.674608
v 0.551637 0.154825 -0.744503
v 0.562189 0.133113 -0.411366
v 0.560444 0.142976 -0.495981
v 0.428790 0.024254 -0.663123
v 0.434706 0.036319 -0.754143
v 0.561728 0.009499 -0.509598
v 0.420307 -0.010404 -0.401381
v 0.423760 0.004948 -0.510091
v 0.553317 0.041274 -0.753875
v 0.432042 0.149113 -0.586443
v 0.424562 0.022194 -0.586265
v 0.553482 0.154590 -0.585809
v 0.560974 0.026430 -0.585784
v 0.423508 -0.000306 -0.466263
v 0.560368 0.001216 -0.464427
v 0.430288 0.024226 -0.705639
v 0.554976 0.031991 -0.702579
v 0.417440 0.115212 -0.234079
v 0.406821 -0.035996 -0.240860
v 0.565177 0.117782 -0.233345
v 0.571429 -0.023154 -0.239733
v -0.156083 0.050895 -0.158279
v -0.101105 0.145627 -1.283296
v 0.048145 0.056974 -0.159463
v 0.057984 -0.146490 -0.172961
v -0.102773 0.044629 -1.281601
v 0.016452 0.051924 -1.282793
v -0.076960 0.079501 -1.354362
v -0.020571 0.083348 -1.354588
v -0.077455 0.036952 -1.354940
v -0.016421 0.040614 -1.355395
v -0.135695 0.127264 -0.748249
v -0.123813 0.153340 -1.102262
v -0.128346 0.150475 -1.002932
v 0.029689 0.161648 -1.003366
v 0.025654 0.164404 -1.102800
v 0.032989 0.140265 -0.748283
v -0.130878 -0.005120 -0.984285
v -0.123336 0.014436 -1.114100
v 0.042260 -0.049648 -0.611043
v -0.137295 -0.036464 -0.765787
v 0.027794 0.022731 -1.114727
v 0.032220 0.003005 -0.984764
v -0.126738 0.147645 -0.876393
v -0.136269 -0.011391 -0.874595
v 0.027998 0.157208 -0.876813
v 0.037543 -0.003425 -0.875177
v -0.138013 -0.051373 -0.702689
v 0.040277 -0.039598 -0.705377
v 0.029950 0.005686 -1.046029
v -0.144546 0.084696 -0.372189
v -0.445271 0.077096 -0.136756
v -0.379394 0.132982 -1.105769
v -0.240081 0.073317 -0.138401
v -0.277237 0.139576 -1.105823
v -0.447811 -0.141594 -0.151518
v -0.380998 0.036156 -1.105539
v -0.266265 0.041960 -1.106058
v -0.356160 0.067412 -1.167679
v -0.301895 0.070554 -1.167637
v -0.356637 0.026584 -1.168700
v -0.297902 0.029502 -1.168841
v -0.408573 0.133963 -0.645639
v -0.411117 0.123601 -0.542074
v -0.401241 0.145490 -0.949913
v -0.405600 0.145485 -0.864503
v -0.253518 0.154511 -0.864101
v -0.257405 0.154542 -0.949668
v -0.244147 0.127184 -0.541595
v -0.246601 0.139394 -0.645281
v -0.408036 -0.003298 -0.850360
v -0.400781 0.011893 -0.961788
v -0.245027 -0.021425 -0.662529
v -0.417905 -0.046652 -0.529681
v -0.255345 0.018285 -0.961649
v -0.251082 0.002750 -0.850008
v -0.404048 0.146133 -0.755706
v -0.413219 -0.006341 -0.756122
v -0.255142 0.153601 -0.755287
v -0.245956 -0.000619 -0.755785
v -0.415201 -0.036824 -0.608623
v -0.243551 -0.032971 -0.607709
v -0.406310 0.002343 -0.899293
v -0.251107 0.007408 -0.898173
v -0.431487 -0.082518 -0.333172
v -0.240046 0.103903 -0.323273
v -0.228637 -0.066678 -0.332183
v -1.221572 0.183943 -0.074866
v -1.154085 0.086116 -0.109808
v -1.297038 0.116971 -0.051358
v -1.227808 0.014878 -0.087543
v -1.295983 0.121007 -0.113244
v -1.261099 0.070188 -0.131252
v -1.331502 0.089273 -0.102416
v -1.295632 0.036471 -0.121075
v -0.841203 0.227842 0.286445
v -1.117589 0.230327 0.026011
v -1.044679 0.239966 0.091763
v -1.018407 0.085802 -0.022300
v -0.725031 0.020427 0.250063
v -0.782784 0.069629 0.206279
v -1.145766 0.140973 0.146233
v -1.231818 0.133356 0.043007
v -0.914935 -0.018165 0.217870
v -0.802695 -0.057965 0.337468
v -0.900813 0.121605 0.401977
v -1.138546 -0.004574 -0.005402
v -1.041719 -0.011892 0.092369
v -1.078169 0.142707 0.208748
v -0.858360 0.098474 0.117659
v -0.973968 -0.009026 0.154792
v -0.863650 -0.031564 0.266293
v -1.188579 0.148170 0.101902
v -1.079643 -0.008753 0.045599
v -0.667302 -0.036651 0.252540
v 0.092443 -0.000311 1.415109
v 0.545770 -0.157829 1.433017
v 0.654156 0.113176 0.498573
v -0.535095 0.137741 0.068942
v -0.609013 0.221100 0.490944
v 0.635864 -0.145390 0.478453
v -0.563911 -0.206440 0.414006
v 0.621454 0.005838 0.018222
v 0.668905 -0.037274 0.626409
v -0.615539 0.047650 0.160412
v -0.604007 -0.025589 0.733107
v -0.523934 -0.026539 -0.056513
v 0.675435 0.000044 0.325118
v 0.400453 0.190211 0.324570
v 0.363866 0.116306 -0.002276
v 0.325158 0.163580 0.133291
v 0.067056 0.074975 0.308568
v 0.122941 0.105197 0.121561
v 0.069981 0.074117 -0.052802
v 0.004922 0.079805 0.108578
v -0.285107 0.168878 0.305944
v -0.223978 0.070087 -0.051822
v -0.327614 0.157387 0.108167
v 0.313660 -0.186136 0.105937
v 0.357789 -0.118125 -0.020309
v 0.422130 -0.166194 0.130331
v 0.057249 -0.284317 0.284300
v 0.004526 -0.256454 0.081555
v 0.115910 -0.225337 0.094347
v -0.255777 -0.302285 0.273287
v -0.306255 -0.250269 0.074485
v -0.187367 -0.265151 0.079560
v -0.309505 -0.316196 0.443193
v 0.363323 0.002577 -0.045531
v -0.200014 -0.072531 -0.121906
v -0.215450 -0.060285 -0.104638
v 0.082628 -0.030981 -0.102817
v -0.385537 0.130361 -0.037714
v -0.472651 0.213423 0.279819
v -0.072434 0.094440 -0.052519
v -0.070001 -0.239207 -0.079021
v -0.122292 0.103862 0.294177
v 0.219706 0.144229 -0.026655
v 0.214395 -0.185873 -0.052046
v 0.245983 0.133761 0.304942
v 0.502936 0.149431 0.025832
v 0.577748 0.170902 0.618633
v -0.216833 0.170777 0.656641
v -0.413732 -0.295155 0.612139
v 0.538747 -0.175243 0.306624
v 0.229133 -0.250903 0.276267
v -0.338041 0.196195 0.487783
v 0.446971 -0.241081 0.457195
v 0.420911 -0.285626 0.611764
v -0.446450 0.206736 0.679381
v 0.636765 -0.075992 0.809914
v 0.554590 0.047576 0.921578
v 0.125775 0.141062 0.664622
v -0.310957 -0.322888 0.951909
v 0.545593 -0.230007 0.873666
v 0.102255 -0.352276 0.650804
v 0.616962 -0.179606 0.691929
v 0.648627 0.078696 0.718502
v -0.479071 0.148614 0.823887
v -0.403731 -0.066041 0.933071
v -0.223068 -0.389455 0.633774
v -0.147143 -0.416476 0.839910
v -0.045529 -0.334653 0.451759
v 0.438760 0.189984 0.636916
v 0.364456 0.139064 0.866983
v 0.216832 0.125979 0.467126
v -0.039039 0.101384 0.464531
v 0.531195 -0.260132 0.695934
v 0.554431 -0.140329 1.069737
v -0.279573 -0.197406 1.071823
v 0.331042 -0.261537 0.445884
v -0.177517 -0.349226 0.447849
v 0.334424 0.176682 0.475126
v 0.222958 0.129890 -0.135230
v 0.224444 0.157646 -1.097766
v 0.218309 -0.159357 -0.152228
v 0.360926 -0.002121 -0.142803
v 0.153677 0.085987 -1.096869
v 0.301600 0.095077 -1.098236
v 0.080341 -0.027351 -0.144656
v 0.224311 0.070937 -1.161699
v 0.226080 0.024447 -1.162974
v 0.192518 0.046043 -1.162076
v 0.257873 0.049339 -1.162595
v 0.272203 0.038390 -1.142913
v 0.264466 0.106112 -1.142037
v 0.184680 0.034199 -1.142036
v 0.185566 0.100814 -1.141361
v 0.140323 0.128630 -0.596637
v 0.223938 0.164899 -0.529467
v 0.308348 0.138500 -0.595208
v 0.224007 0.177348 -0.643383
v 0.151784 0.150007 -0.897960
v 0.224080 0.188882 -0.855800
v 0.293251 0.161562 -0.897509
v 0.224168 0.186574 -0.950209
v 0.140401 -0.031499 -0.627672
v 0.224028 -0.049411 -0.657697
v 0.310764 -0.031198 -0.573110
v 0.223897 -0.067750 -0.526847
v 0.225783 -0.005355 -0.953304
v 0.300747 0.004402 -0.870427
v 0.224083 -0.023479 -0.843467
v 0.334329 0.057692 -0.655693
v 0.338820 0.041589 -0.523892
v 0.121952 0.066420 -0.845381
v 0.130293 0.074238 -0.954675
v 0.325705 0.086801 -0.843584
v 0.319661 0.084995 -0.955508
v 0.113747 0.046890 -0.655408
v 0.109014 0.030002 -0.523837
v 0.306854 0.123966 -0.433907
v 0.152468 0.151772 -0.804585
v 0.140351 -0.012641 -0.699557
v 0.295661 0.161165 -0.805183
v 0.166185 0.151535 -1.024582
v 0.162194 0.030590 -1.024185
v 0.283735 0.160478 -1.025474
v 0.294420 0.036999 -1.025065
v 0.304406 0.006304 -0.801489
v 0.316460 -0.044171 -0.438203
v 0.149257 0.144489 -0.695853
v 0.143732 0.000323 -0.801257
v 0.298799 0.154098 -0.696318
v 0.307726 -0.006692 -0.699709
v 0.224045 0.182034 -0.750355
v 0.331867 0.081237 -0.750494
v 0.224055 -0.029883 -0.750115
v 0.116233 0.070913 -0.749976
v 0.139128 -0.038543 -0.573269
v 0.307851 -0.022817 -0.627347
v 0.146540 -0.002390 -0.870303
v 0.299608 0.009933 -0.914250
v 0.224179 -0.019937 -0.891157
v 0.224146 -0.060595 -0.603417
v 0.112493 0.049836 -0.579881
v 0.113282 0.054070 -0.617660
v 0.124176 0.079719 -0.879001
v 0.125605 0.080247 -0.909117
v 0.322652 0.091674 -0.909822
v 0.324004 0.091179 -0.879631
v 0.334730 0.065768 -0.617924
v 0.335484 0.061193 -0.580116
v 0.127709 0.090999 -0.215279
v 0.130784 -0.055646 -0.438700
v 0.319024 0.098781 -0.215142
v 0.326599 -0.085132 -0.224467
v 0.223832 0.139663 -0.320005
v 0.222597 -0.104262 -0.331572
v 0.492702 0.141011 -0.078702
v 0.493090 0.154256 -0.872277
v 0.498342 0.042833 -0.871731
v 0.605915 0.027134 -0.083901
v 0.434912 0.095182 -0.871943
v 0.556520 0.101902 -0.872066
v 0.369077 0.016602 -0.085586
v 0.492980 0.081601 -0.924696
v 0.494435 0.043030 -0.925603
v 0.466843 0.060945 -0.925173
v 0.520572 0.063686 -0.925129
v 0.532353 0.054877 -0.908938
v 0.525992 0.110829 -0.908287
v 0.460400 0.051382 -0.908719
v 0.461128 0.106930 -0.908397
v 0.424262 0.133484 -0.457584
v 0.528076 0.156929 -0.454074
v 0.492729 0.171860 -0.498074
v 0.492790 0.181160 -0.672877
v 0.529276 0.172130 -0.702537
v 0.492863 0.178970 -0.750646
v 0.424475 0.000248 -0.485320
v 0.492746 -0.015498 -0.509923
v 0.561937 -0.000730 -0.439997
v 0.431453 0.025863 -0.722784
v 0.494190 0.019787 -0.753170
v 0.553729 0.031130 -0.684235
v 0.492792 0.005257 -0.662762
v 0.582402 0.081700 -0.507618
v 0.585272 0.066848 -0.399055
v 0.408830 0.080498 -0.664891
v 0.415687 0.086405 -0.754883
v 0.575972 0.087779 -0.664156
v 0.571368 0.094111 -0.754429
v 0.397867 0.051178 -0.400250
v 0.398769 -0.055040 -0.154417
v 0.433917 0.151619 -0.631306
v 0.423955 0.015089 -0.544692
v 0.551637 0.157341 -0.630711
v 0.445195 0.150278 -0.812455
v 0.441914 0.049406 -0.811875
v 0.550617 0.054376 -0.811950
v 0.558826 0.029847 -0.627919
v 0.567486 -0.010359 -0.329189
v 0.431278 0.145777 -0.541815
v 0.426735 0.025470 -0.628387
v 0.554216 0.151600 -0.541145
v 0.561555 0.019441 -0.544200
v 0.492761 0.175762 -0.586146
v 0.404128 0.084742 -0.586460
v 0.561023 0.004502 -0.485184
v 0.552765 0.035531 -0.720523
v 0.492803 0.009582 -0.701741
v 0.492705 -0.022154 -0.464960
v 0.401033 0.067497 -0.446375
v 0.401707 0.070936 -0.477468
v 0.410658 0.091447 -0.692584
v 0.411833 0.091719 -0.717389
v 0.573827 0.099697 -0.716745
v 0.574938 0.099284 -0.691889
v 0.583741 0.078853 -0.476616
v 0.584317 0.075190 -0.445519
v 0.412535 0.111116 -0.146680
v 0.414847 -0.019378 -0.330009
v 0.570189 0.111469 -0.145876
v 0.573410 -0.038271 -0.152944
v 0.382848 0.038167 -0.237646
v 0.597585 0.048758 -0.236363
v 0.491718 0.143883 -0.232478
v 0.488716 -0.056962 -0.241531
v -0.054087 0.093937 -0.156221
v -0.048940 0.168613 -1.283863
v -0.053219 -0.199420 -0.175658
v -0.123068 0.093696 -1.282281
v -0.047224 0.032006 -1.358565
v -0.082380 0.053928 -1.357885
v -0.013920 0.058253 -1.358238
v 0.001090 0.046672 -1.335243
v -0.007015 0.116549 -1.334826
v -0.090591 0.041097 -1.334377
v -0.089663 0.110576 -1.334414
v -0.119691 0.131572 -0.695217
v 0.034590 0.135118 -0.698418
v -0.049415 0.173817 -0.751303
v -0.049330 0.192951 -1.000602
v -0.049234 0.193770 -1.111254
v -0.137013 -0.045406 -0.730672
v -0.049393 -0.060745 -0.765941
v 0.041126 -0.046648 -0.667617
v -0.126980 0.003646 -1.066634
v -0.047543 -0.005230 -1.113000
v 0.030890 0.003516 -1.015988
v -0.049328 -0.027707 -0.984082
v 0.066147 0.051109 -0.764761
v -0.147569 0.076748 -1.115543
v 0.057649 0.077311 -0.987870
v 0.050794 0.089209 -1.116327
v -0.167642 0.043359 -0.763045
v -0.169880 0.016133 -0.609275
v -0.161950 -0.141415 -0.258747
v 0.037529 0.112147 -0.505058
v -0.124346 0.152812 -0.940408
v -0.137043 -0.022198 -0.815230
v 0.025649 0.162555 -0.940813
v -0.109969 0.159929 -1.198348
v -0.114150 0.033683 -1.196428
v 0.013165 0.169232 -1.198953
v 0.024357 0.041807 -1.197433
v -0.127714 0.141536 -0.812708
v 0.028931 0.151608 -0.813125
v 0.038282 -0.014028 -0.815841
v -0.049371 0.182394 -0.876926
v -0.049362 -0.037377 -0.874565
v -0.162304 0.066486 -0.875399
v -0.139725 -0.055710 -0.666876
v 0.037453 -0.035965 -0.731465
v -0.128907 -0.003719 -1.015440
v 0.029705 0.010585 -1.067439
v -0.049313 -0.020453 -1.039689
v -0.049416 -0.071106 -0.701739
v -0.166230 0.038637 -0.675343
v -0.165401 0.044324 -0.719778
v -0.153979 0.079933 -1.026880
v -0.152481 0.081506 -1.062214
v 0.053926 0.094526 -1.062836
v 0.055341 0.092966 -1.027458
v 0.066566 0.058153 -0.720516
v 0.067361 0.052250 -0.676123
v -0.151957 0.065388 -0.246838
v 0.049002 0.072212 -0.247874
v 0.060026 -0.116103 -0.258671
v -0.187179 -0.012516 -0.376544
v 0.087166 0.006313 -0.377289
v -0.049856 -0.129076 -0.382835
v -0.329194 0.154506 -1.105794
v -0.336119 -0.171990 -0.153906
v -0.322753 0.020832 -1.105799
v -0.400529 0.083406 -1.105601
v -0.251418 0.091930 -1.105994
v -0.486526 -0.033519 -0.144019
v -0.329328 0.067701 -1.170330
v -0.327544 0.021450 -1.171779
v -0.361376 0.042841 -1.171041
v -0.295496 0.046321 -1.171066
v -0.281050 0.035677 -1.151347
v -0.288850 0.102790 -1.150170
v -0.369277 0.031228 -1.150984
v -0.368384 0.097875 -1.150165
v -0.411170 0.129961 -0.600716
v -0.329692 0.161235 -0.532646
v -0.243462 0.135362 -0.595117
v -0.391425 0.157349 -0.903704
v -0.329561 0.185463 -0.861662
v -0.253382 0.154469 -0.904039
v -0.329472 0.183267 -0.956879
v -0.413046 -0.032869 -0.632801
v -0.329625 -0.051178 -0.662785
v -0.329656 -0.070232 -0.531034
v -0.403641 0.004258 -0.921097
v -0.327843 -0.007726 -0.960790
v -0.251178 0.004306 -0.877037
v -0.329748 -0.020529 -0.849596
v -0.220497 0.055090 -0.659756
v -0.213790 0.038221 -0.527236
v -0.423136 0.083162 -0.962400
v -0.227060 0.082336 -0.850249
v -0.234012 0.086953 -0.961293
v -0.440637 0.056123 -0.660473
v -0.444412 0.037971 -0.526972
v -0.413799 0.113393 -0.436583
v -0.246074 0.119661 -0.436196
v -0.401749 0.149355 -0.810682
v -0.413963 -0.015144 -0.705218
v -0.387921 0.149077 -1.032494
v -0.391944 0.028055 -1.032388
v -0.269426 0.156749 -1.032453
v -0.258655 0.034429 -1.032648
v -0.248589 0.003751 -0.807413
v -0.235945 -0.046882 -0.441493
v -0.404986 0.141968 -0.701028
v -0.410555 -0.002108 -0.807751
v -0.329596 0.178618 -0.755410
v -0.220908 0.077725 -0.755464
v -0.329586 -0.032235 -0.756040
v -0.438275 0.068655 -0.755987
v -0.414421 -0.040194 -0.577475
v -0.242897 -0.031363 -0.633097
v -0.405921 -0.002098 -0.876889
v -0.251638 0.011322 -0.921670
v -0.329577 -0.018387 -0.897716
v -0.329662 -0.058118 -0.607594
v -0.442046 0.047231 -0.584374
v -0.441250 0.051524 -0.622489
v -0.430268 0.077420 -0.886055
v -0.428827 0.077945 -0.916432
v -0.230196 0.088273 -0.916001
v -0.228833 0.087711 -0.885560
v -0.215872 0.061569 -0.622130
v -0.215101 0.057015 -0.584022
v -0.433329 0.086664 -0.215614
v -0.423520 -0.058358 -0.442240
v -0.223516 -0.094197 -0.226911
v -0.463189 0.006820 -0.328349
v -0.331573 0.134987 -0.321545
v -0.329823 -0.107688 -0.334438
v -0.117818 -0.394762 1.163304
v 0.448798 -0.332821 1.147284
v -0.144592 -0.053067 1.155754
v 0.577209 0.105028 -0.039603
v 0.574649 -0.077387 -0.051005
v 0.114586 -0.143076 -0.116007
v 0.319176 -0.120975 -0.112900
v -0.163629 -0.188303 -0.138731
v -0.158839 0.046974 -0.121225
v -0.459213 -0.155325 -0.113741
v -0.240546 -0.154090 -0.117200
v -0.250477 0.065786 -0.101092
v -1.046611 0.177472 -0.010684
v -0.776982 0.219745 0.302155
v -1.115319 0.216029 0.136270
v -0.887185 0.189448 0.135291
v -1.323755 0.102135 -0.084540
v -0.839558 -0.040387 0.293583
v -0.934492 0.041597 0.297198
v -0.895612 0.096777 0.079001
v -0.964008 0.187596 0.059739
v -1.321651 0.107697 -0.107954
v -0.822079 0.092334 0.155356
v -1.150543 0.051273 0.081203
v -1.202572 0.049133 0.024082
v -0.891138 -0.025227 0.239139
v -0.998628 0.136466 0.290798
v -1.173842 0.147987 -0.096628
v -1.166103 0.210489 0.080419
v -1.217922 0.076238 -0.128343
v -0.747533 -0.056637 0.286859
v -1.272122 0.169199 -0.056444
v -1.009608 -0.009008 0.121238
v -1.201787 0.201887 0.039968
v -0.987747 0.041633 0.251364
v -0.965284 0.013797 0.057459
v -1.113164 0.142473 0.174864
v -0.977363 0.214614 0.259728
v -0.926836 0.240031 0.206289
v -0.819086 0.177029 0.208371
v -1.262560 0.127234 -0.004234
v -1.321233 0.058525 -0.112697
v -1.280670 0.096231 -0.124646
v -0.851725 0.103573 0.474462
v -0.694247 -0.001798 0.252697
v -0.744170 -0.096819 0.402459
v -1.167412 0.210564 -0.029708
v -1.270658 0.023882 -0.112259
v -0.987370 0.014942 0.031338
v -1.280252 0.047060 -0.129387
v -0.940287 0.133928 0.350388
v -1.060497 -0.011060 0.068678
v -0.803478 -0.001180 0.218250
v -0.950324 0.215734 0.286020
v -1.138089 0.215580 0.109102
v -1.016377 0.012076 0.002349
v -1.276409 0.052969 -0.065160
v -0.661155 -0.130903 0.351886
v -1.180078 0.005483 -0.047200
v -0.689160 0.109151 0.237896
v -1.083794 0.089631 -0.072937
v -0.747607 -0.040565 0.559577
v -0.924212 0.214198 0.306750
v -1.178129 0.031754 -0.105346
v -1.068207 0.014340 -0.030729
v -1.269229 0.150793 -0.101815
v -1.083989 0.236268 0.056988
v -1.105542 -0.006306 0.022374
v -0.998845 0.243171 0.130361
v -1.210222 0.140474 0.076925
v -0.758323 0.146213 0.246692
v -1.047998 0.047481 0.189109
v -0.896879 0.017072 0.126487
v -0.717581 0.113325 0.625997
v -0.639621 -0.075124 0.248611
v -0.678275 0.207377 0.302487
v 0.518274 -0.155312 0.137373
v -0.416117 -0.221519 0.059467
v 0.541983 -0.213747 0.464414
v 0.214798 -0.207063 0.099258
v -0.091232 -0.264102 0.079498
v 0.567361 0.180408 0.492338
v -0.434884 0.174817 0.093253
v 0.678649 -0.016610 0.492470
v -0.098797 0.099816 0.107190
v -0.468985 0.216617 0.491503
v 0.650145 0.004416 0.151887
v -0.566015 0.006681 0.045836
v 0.381248 0.172035 0.146500
v 0.064228 0.081230 0.116049
v -0.265138 0.138584 0.112518
v -0.127243 0.113772 0.421785
v 0.368356 -0.172160 0.119788
v 0.059439 -0.241761 0.089329
v -0.244627 -0.261175 0.081601
v 0.356144 -0.002147 -0.060157
v -0.210138 -0.068750 -0.109410
v 0.076398 -0.045908 -0.108811
v 0.599710 0.147789 0.694908
v 0.561895 -0.241875 0.660712
v -0.400932 0.200802 0.763707
v 0.142978 0.129418 0.889501
v 0.489777 0.146543 0.800530
v 0.657222 -0.053590 0.717152
v -0.501331 -0.032099 0.836869
v -0.228600 0.163960 0.841079
v -0.120207 -0.331720 0.405537
v 0.076085 -0.321007 0.465896
v 0.277974 0.156162 0.426859
v -0.393986 -0.310717 0.736370
v 0.486827 -0.285386 0.758978
v 0.603978 -0.108439 0.945357
v -0.335525 -0.129775 1.017513
v 0.257586 -0.259930 0.404020
v -0.233980 -0.345471 0.455670
v 0.415734 0.199017 0.483618
v -0.656826 0.082667 0.218372
v -0.628595 -0.164594 0.386762
v -0.684883 -0.036699 0.643637
v 0.312145 0.099506 -1.025909
v 0.119904 0.074009 -0.802432
v 0.141125 0.089047 -1.024700
v 0.224070 -0.025018 -0.800989
v 0.223585 -0.081310 -0.439735
v 0.228933 0.011255 -1.024224
v 0.224337 0.179394 -1.025634
v 0.332618 0.074459 -0.698556
v 0.283628 0.072727 -1.142895
v 0.360535 0.009903 -0.219615
v 0.224064 0.185599 -0.805310
v 0.224597 0.039486 -1.168259
v 0.229019 0.023677 -1.142910
v 0.224383 0.115310 -1.141822
v 0.169773 0.066257 -1.141840
v 0.223985 0.175107 -0.593901
v 0.223989 -0.062172 -0.576129
v 0.224091 -0.022241 -0.871233
v 0.331226 0.022120 -0.564477
v 0.132855 0.050405 -0.920733
v 0.315682 0.060314 -0.921501
v 0.120243 0.012722 -0.564150
v 0.103126 0.027684 -0.435589
v 0.224026 0.179617 -0.695601
v 0.328230 0.084482 -0.802995
v 0.224040 -0.039085 -0.699986
v 0.115449 0.063865 -0.698136
v 0.224311 -0.015469 -0.912380
v 0.224005 -0.056064 -0.627255
v 0.122317 0.020785 -0.631737
v 0.122303 0.087551 -0.597980
v 0.127929 0.046170 -0.866273
v 0.135275 0.111235 -0.894572
v 0.317632 0.056640 -0.866500
v 0.311424 0.131621 -0.895335
v 0.326989 0.030668 -0.632558
v 0.322891 0.099286 -0.598335
v 0.083895 -0.012664 -0.221016
v 0.223798 0.130990 -0.213298
v 0.565189 0.105836 -0.812455
v 0.407146 0.087093 -0.629601
v 0.424593 0.098314 -0.812575
v 0.492782 0.004198 -0.627841
v 0.491055 -0.040789 -0.330654
v 0.496780 0.033185 -0.811571
v 0.493002 0.172701 -0.812841
v 0.582018 0.085917 -0.542965
v 0.491883 0.152059 -0.324505
v 0.541745 0.083202 -0.908848
v 0.602952 0.038204 -0.149196
v 0.492776 0.178607 -0.631352
v 0.496850 0.042656 -0.909156
v 0.493039 0.118712 -0.908469
v 0.448144 0.078157 -0.908779
v 0.492683 0.170060 -0.457345
v 0.492805 0.182883 -0.707990
v 0.492603 -0.025788 -0.442811
v 0.492799 0.006146 -0.685599
v 0.417710 0.066617 -0.726944
v 0.568709 0.073662 -0.725963
v 0.409913 0.024906 -0.436748
v 0.392352 0.050036 -0.327703
v 0.578412 0.093984 -0.628874
v 0.492757 -0.007060 -0.544744
v 0.403484 0.078967 -0.543758
v 0.492980 0.011594 -0.719472
v 0.492732 -0.021090 -0.484889
v 0.410528 0.098587 -0.461288
v 0.418180 0.118291 -0.705513
v 0.570640 0.070595 -0.681786
v 0.556655 0.152614 -0.705422
v 0.576892 0.050048 -0.488247
v 0.563009 0.137465 -0.459589
v 0.590585 0.059209 -0.326662
v 0.492350 0.140906 -0.144891
v 0.485101 -0.076269 -0.155068
v 0.042925 0.106477 -1.198898
v -0.158457 0.071458 -0.936986
v -0.136219 0.094579 -1.197795
v -0.049344 -0.030671 -0.934263
v -0.049054 0.188872 -1.199597
v 0.064356 0.069800 -0.815142
v 0.013058 0.082266 -1.335467
v 0.094164 -0.018932 -0.253361
v -0.044146 0.030795 -1.335182
v -0.049002 0.125850 -1.334889
v -0.106206 0.074379 -1.334603
v -0.049309 0.196684 -1.050626
v -0.049425 -0.076646 -0.670084
v -0.049375 -0.023787 -1.016420
v 0.060801 0.011930 -0.657356
v -0.145527 0.050537 -1.075568
v 0.048961 0.062233 -1.076345
v -0.161180 -0.001560 -0.656626
v -0.049393 0.177992 -0.812644
v 0.059764 0.083582 -0.937628
v -0.049379 -0.048599 -0.815664
v -0.163128 0.057346 -0.814436
v -0.049101 -0.016518 -1.064850
v -0.049405 -0.068875 -0.730185
v -0.157661 0.009457 -0.736562
v -0.152905 0.077524 -0.697170
v -0.147872 0.044921 -1.011318
v -0.141794 0.113135 -1.045623
v 0.049093 0.057104 -1.011968
v 0.042539 0.126440 -1.046213
v 0.060013 0.021968 -0.737405
v 0.053822 0.091482 -0.697844
v -0.196603 -0.041025 -0.252701
v 0.076990 0.026862 -0.506371
v -0.051574 0.105846 -0.245228
v -0.240787 0.096250 -1.033059
v -0.434575 0.071748 -0.808869
v -0.413182 0.086660 -1.032907
v -0.329571 -0.027367 -0.807308
v -0.329694 -0.083871 -0.443304
v -0.324668 0.008797 -1.032199
v -0.329302 0.176199 -1.032996
v -0.220151 0.070910 -0.703140
v -0.269533 0.069702 -1.151069
v -0.329578 0.182199 -0.810797
v -0.329040 0.036327 -1.177018
v -0.324582 0.020887 -1.151644
v -0.329255 0.112125 -1.150250
v -0.384304 0.063311 -1.150823
v -0.329395 0.166324 -0.598079
v -0.329542 0.187697 -0.904660
v -0.329701 -0.061232 -0.580220
v -0.329737 -0.019428 -0.877460
v -0.420958 0.041908 -0.935180
v -0.237604 0.057381 -0.928136
v -0.434586 -0.004018 -0.565257
v -0.329616 0.176079 -0.700186
v -0.224574 0.081007 -0.808366
v -0.329601 -0.041465 -0.705520
v -0.439065 0.061512 -0.703688
v -0.329378 -0.016194 -0.919289
v -0.329673 -0.055190 -0.631781
v -0.432019 0.007715 -0.636475
v -0.430945 0.084767 -0.602498
v -0.426288 0.036477 -0.874919
v -0.419632 0.109183 -0.901694
v -0.237688 0.054075 -0.872007
v -0.234939 0.121615 -0.901402
v -0.222365 0.026527 -0.636183
v -0.226710 0.096188 -0.601918
v -0.330805 -0.139898 -0.229576
v 0.140431 -0.412888 1.126723
v 0.133519 0.037561 1.174901
v -0.228546 -0.270823 1.148615
v 0.493129 0.142227 -0.038372
v 0.366615 0.008658 -0.053805
v 0.483184 -0.118666 -0.054432
v 0.608679 0.014562 -0.045108
v 0.220913 0.137320 -0.093636
v 0.082544 -0.028754 -0.111714
v 0.354583 -0.006803 -0.108316
v -0.198144 -0.072701 -0.133209
v -0.349545 -0.196003 -0.117192
v -0.205361 -0.044893 -0.112685
v -0.357590 0.112353 -0.094462
v -0.499747 -0.039241 -0.105131
v -1.117664 0.024888 -0.068192
v -1.192602 0.172026 0.074689
v -1.150698 0.180002 0.125407
v -1.075159 0.219875 0.162792
v -1.231083 0.190653 -0.009323
v -1.172996 0.050500 0.056299
v -1.234208 0.122590 -0.118290
v -1.238692 0.050943 -0.020749
v -1.015067 -0.003297 0.056826
v -1.107704 0.166016 -0.056528
v -0.863280 0.012288 0.162059
v -0.925397 0.189575 0.096598
v -1.311230 0.073478 -0.122186
v -0.838009 -0.015475 0.218007
v -0.787814 0.164109 0.232457
v -0.851892 0.185564 0.173937
v -0.983839 0.174170 0.284510
v -0.905801 0.034711 0.332020
v -1.133008 0.049829 0.102090
v -1.307540 0.053569 -0.095521
v -0.723357 0.129005 0.247153
v -0.933674 0.016041 0.090958
v -0.831740 0.200211 0.400192
v -1.015869 0.044722 0.222294
v -1.006704 0.217112 0.234209
v -0.912332 0.224075 0.279723
v -1.235146 0.035788 -0.125467
v -0.962148 0.041097 0.274118
v -1.000003 0.185259 0.025837
v -1.059582 0.003468 0.003665
v -1.306601 0.140371 -0.088344
v -0.701934 -0.088914 0.316649
v -0.985894 0.047916 0.014015
v -0.708206 0.209769 0.476511
v -0.734015 -0.023837 0.257842
v -0.814458 -0.024672 0.236240
vn 0.7209 -0.6459 -0.2512
vn 0.3180 -0.9326 -0.1708
vn 0.1708 -0.9458 -0.2761
vn 0.7620 -0.6231 -0.1764
vn 0.4076 -0.8959 -0.1769
vn 0.1173 -0.9625 -0.2447
vn -0.1445 -0.8177 -0.5572
vn -0.1571 -0.9613 -0.2264
vn -0.2043 -0.9363 -0.2858
vn 0.2405 -0.7951 -0.5567
vn -0.4287 -0.8878 -0.1675
vn -0.4084 -0.9002 -0.1509
vn -0.7947 -0.5578 -0.2396
vn -0.7481 -0.5990 -0.2855
vn 0.4622 -0.8609 -0.2127
vn 0.2669 -0.9504 -0.1594
vn 0.2447 -0.9363 -0.2518
vn -0.2915 -0.9408 -0.1731
vn -0.4037 -0.9106 -0.0888
vn -0.3464 -0.9256 -0.1525
vn -0.5135 -0.8577 -0.0258
vn -0.6406 -0.7243 0.2548
vn -0.4775 -0.8753 -0.0759
vn -0.7276 -0.6080 -0.3179
vn 0.2965 -0.9209 -0.2532
vn 0.1290 -0.9670 -0.2198
vn 0.6545 -0.6917 -0.3052
vn 0.1181 -0.9743 -0.1918
vn 0.0230 -0.9797 -0.1990
vn 0.2170 -0.9505 -0.2224
vn 0.0722 -0.9766 -0.2024
vn -0.0471 -0.9582 -0.2822
vn 0.7463 0.6391 -0.1858
vn 0.2947 0.9455 -0.1386
vn 0.7799 0.6015 -0.1732
vn 0.1453 0.9746 -0.1707
vn 0.0290 0.9856 -0.1668
vn 0.0666 0.9945 -0.0814
vn 0.3545 0.9316 -0.0808
vn 0.8187 0.5679 -0.0849
vn 0.0877 0.9961 -0.0019
vn 0.4086 0.9127 0.0005
vn -0.6086 0.6192 -0.4962
vn -0.0170 0.9549 -0.2965
vn -0.0071 0.9392 -0.3433
vn 0.2253 0.9581 -0.1769
vn 0.2940 0.9550 -0.0392
vn 0.1607 0.9857 -0.0502
vn 0.1255 0.9909 -0.0476
vn 0.0869 0.9962 -0.0055
vn 0.2029 0.9787 -0.0320
vn -0.0901 0.9842 0.1522
vn 0.1835 0.9827 0.0238
vn -0.1436 0.9863 -0.0808
vn -0.3485 0.9366 0.0358
vn -0.2836 0.9573 0.0562
vn -0.2891 0.9573 -0.0041
vn -0.3596 0.9331 -0.0013
vn 0.9948 -0.0417 -0.0924
vn 0.9833 -0.0209 -0.1808
vn 0.7863 -0.6046 -0.1277
vn 0.9779 -0.0224 -0.2081
vn -0.9196 0.0086 -0.3928
vn -0.5861 0.6476 -0.4870
vn -0.9085 0.0106 -0.4178
vn -0.1422 0.9876 -0.0667
vn -0.2874 0.8606 -0.4204
vn -0.0547 0.9795 -0.1938
vn -0.2055 0.9787 -0.0016
vn -0.1218 0.9913 -0.0502
vn 0.3647 0.9275 -0.0820
vn 0.2796 0.9387 -0.2016
vn 0.3337 0.9382 -0.0916
vn 0.0527 0.7453 -0.6647
vn 0.2934 0.9431 -0.1563
vn 0.1134 0.9775 -0.1781
vn 0.3372 0.9348 -0.1116
vn 0.1370 0.9883 -0.0670
vn 0.2463 -0.9471 -0.2056
vn 0.2329 -0.9245 -0.3018
vn 0.2592 -0.9389 -0.2266
vn 0.2382 -0.9464 -0.2182
vn 0.1828 -0.9614 -0.2055
vn 0.4786 -0.6886 -0.5448
vn 0.2881 -0.9126 -0.2902
vn 0.1996 -0.9452 -0.2584
vn -0.2161 -0.7060 -0.6744
vn -0.1083 -0.9498 -0.2935
vn 0.1822 -0.9550 -0.2339
vn 0.1627 -0.9629 -0.2154
vn 0.1922 -0.9657 -0.1744
vn 0.1555 -0.9641 -0.2151
vn 0.9970 0.0346 -0.0685
vn 0.5351 -0.6228 -0.5708
vn 0.5251 0.7645 -0.3738
vn 0.9418 0.0724 -0.3283
vn -0.8996 0.0416 -0.4346
vn -0.6500 0.1024 -0.7530
vn 0.9771 -0.0192 0.2121
vn 0.7487 0.1821 -0.6374
vn 0.3578 0.8591 0.3659
vn 0.4537 0.8854 0.1012
vn 0.1285 0.9801 0.1513
vn 0.8793 0.3799 0.2872
vn 0.7860 0.4526 0.4211
vn 0.1802 -0.9664 -0.1833
vn 0.0001 -1.0000 -0.0089
vn 0.0955 -0.9798 -0.1759
vn 0.3247 -0.9428 -0.0752
vn 0.1495 -0.9803 -0.1289
vn 0.1125 -0.9904 -0.0800
vn -0.3946 -0.8861 0.2432
vn 0.5934 -0.8047 -0.0207
vn 0.4947 -0.8691 0.0064
vn 0.8422 -0.5381 -0.0321
vn 0.5048 -0.8491 -0.1557
vn -0.1099 0.9638 0.2428
vn 0.0765 0.9554 0.2852
vn 0.0243 0.9684 0.2481
vn -0.0605 0.9975 -0.0371
vn -0.0132 0.9309 0.3650
vn -0.0168 0.9883 0.1518
vn 0.0879 0.9601 0.2653
vn -0.0740 0.9778 0.1962
vn 0.2294 0.9038 0.3613
vn -0.7119 -0.1750 0.6802
vn -0.7462 -0.5252 0.4091
vn -0.7057 -0.0641 0.7056
vn -0.7203 0.0055 0.6937
vn 0.1362 0.9444 0.2992
vn 0.2522 0.9677 0.0007
vn -0.3504 0.6018 0.7177
vn -0.2732 0.6000 0.7519
vn -0.3241 0.7171 0.6170
vn 0.1020 -0.9677 -0.2303
vn 0.0089 -0.9714 -0.2372
vn 0.1297 -0.9667 -0.2208
vn 0.2201 -0.9532 -0.2074
vn 0.1983 -0.9603 -0.1964
vn -0.0919 0.9820 -0.1652
vn -0.2855 0.9559 -0.0689
vn -0.4284 -0.8933 -0.1361
vn -0.6454 -0.7600 0.0760
vn -0.7737 -0.4777 0.4161
vn -0.6180 -0.7859 0.0205
vn -0.2192 -0.9610 -0.1685
vn -0.4405 -0.8967 0.0443
vn -0.6898 -0.5685 0.4483
vn 0.7324 -0.6710 0.1151
vn 0.6031 -0.7977 -0.0018
vn 0.9369 -0.0516 0.3457
vn 0.4483 0.7852 0.4272
vn 0.9508 0.0090 0.3095
vn -0.6999 0.0344 0.7134
vn 0.1981 -0.9583 -0.2059
vn 0.1561 -0.9671 -0.2008
vn -0.2196 -0.9542 -0.2030
vn 0.3193 0.9454 -0.0657
vn -0.1309 0.9914 0.0084
vn -0.5923 -0.8003 0.0930
vn -0.5393 -0.8227 -0.1801
vn -0.6124 -0.7594 0.2197
vn -0.7485 -0.4621 0.4756
vn -0.6624 0.3995 0.6338
vn -0.7451 0.2040 0.6349
vn -0.7226 -0.3444 0.5994
vn 0.5625 0.7054 -0.4313
vn 0.9853 0.0966 -0.1406
vn 0.9465 0.1309 -0.2951
vn -0.6725 -0.7263 -0.1426
vn 0.0451 -0.9793 -0.1974
vn -0.6718 -0.7097 -0.2122
vn 0.0574 -0.9954 -0.0769
vn 0.7357 -0.6547 -0.1736
vn -0.0355 0.9951 0.0926
vn -0.7132 0.6995 0.0449
vn -0.7004 0.7127 0.0373
vn 0.6778 0.7332 0.0546
vn -0.0407 0.9919 0.1202
vn -0.0474 0.9918 0.1183
vn -0.7605 0.6459 0.0663
vn 0.4149 0.5176 -0.7483
vn 0.6723 0.7394 0.0369
vn 0.9960 0.0615 -0.0644
vn 0.6656 0.7450 0.0443
vn 0.9985 0.0437 -0.0327
vn 0.7252 -0.6684 -0.1654
vn 0.6909 -0.6497 -0.3170
vn 0.7493 -0.6450 -0.1502
vn -0.6469 -0.7312 -0.2168
vn 0.0539 -0.9985 -0.0111
vn -0.0509 0.6130 -0.7884
vn -0.0647 0.8771 -0.4759
vn -0.8459 -0.0240 -0.5328
vn -0.0688 0.9970 0.0346
vn 0.6377 0.7685 -0.0524
vn -0.0555 0.9983 -0.0177
vn -0.0620 0.9957 -0.0688
vn -0.6689 -0.7351 -0.1103
vn -0.9568 -0.2822 -0.0696
vn -0.6694 -0.7166 -0.1956
vn -0.9954 0.0576 -0.0767
vn -0.9954 0.0519 -0.0802
vn -0.9983 -0.0257 -0.0520
vn -0.6878 -0.7044 -0.1752
vn -0.6759 -0.7021 -0.2240
vn -0.6505 -0.7122 -0.2638
vn 0.0387 -0.9732 -0.2268
vn 0.0425 -0.9874 -0.1525
vn -0.7107 0.7030 0.0250
vn -0.9972 0.0392 -0.0633
vn -0.6724 -0.6997 -0.2414
vn -0.9998 0.0197 0.0084
vn -0.6891 -0.6991 -0.1906
vn 0.9952 0.0704 -0.0676
vn 0.7257 -0.6740 -0.1380
vn 0.7064 -0.7024 -0.0869
vn 0.9997 -0.0035 -0.0244
vn 0.1087 -0.9517 -0.2872
vn 0.1067 -0.9401 -0.3237
vn 0.0861 -0.9677 -0.2371
vn 0.7379 -0.6534 -0.1689
vn 0.7682 -0.6254 -0.1364
vn 0.5697 0.6981 -0.4337
vn 0.9854 0.0957 -0.1406
vn 0.9467 0.1291 -0.2950
vn 0.7359 0.6707 -0.0924
vn 0.6439 0.7451 -0.1735
vn -0.7118 -0.6940 -0.1080
vn 0.0300 -0.9980 -0.0557
vn 0.0283 -0.9905 -0.1345
vn 0.7062 -0.7028 -0.0859
vn 0.7365 -0.6741 -0.0565
vn 0.7348 -0.6701 -0.1049
vn 0.0407 -0.9911 -0.1267
vn 0.7260 -0.6765 -0.1237
vn 0.0559 -0.9856 -0.1594
vn -0.6770 -0.7234 -0.1357
vn 0.0438 -0.9804 -0.1922
vn -0.6758 -0.7072 -0.2077
vn -0.0569 0.9938 -0.0956
vn -0.0547 0.9792 -0.1953
vn -0.0513 0.8736 -0.4839
vn 0.6771 0.7349 0.0376
vn 0.9974 0.0617 -0.0367
vn 0.6826 0.7305 0.0226
vn 0.9991 0.0391 -0.0184
vn -0.0178 0.9982 0.0571
vn -0.7104 0.7032 0.0286
vn -0.6914 0.7224 0.0044
vn 0.6831 0.7286 0.0500
vn -0.0285 0.9941 0.1050
vn -0.0429 0.9912 0.1254
vn -0.7621 0.6448 0.0593
vn 0.4219 0.5104 -0.7493
vn 0.7985 0.0496 -0.5999
vn 0.2308 0.2826 -0.9311
vn -0.0148 0.2860 -0.9581
vn 0.4442 -0.0223 -0.8956
vn -0.0054 -0.0841 -0.9964
vn 0.4713 -0.6535 -0.5923
vn 0.0248 -0.8179 -0.5748
vn -0.4492 -0.7121 -0.5396
vn -0.5122 -0.0885 -0.8543
vn -0.0381 0.6057 -0.7948
vn -0.8441 -0.0262 -0.5355
vn -0.6508 -0.7301 -0.2084
vn -0.7396 0.6709 0.0537
vn 0.4054 0.9092 0.0949
vn -0.0702 0.9929 0.0958
vn -0.0571 0.9966 0.0592
vn -0.6344 0.7725 -0.0283
vn -0.7697 0.6383 -0.0145
vn -0.7711 0.6311 -0.0841
vn 0.0258 -0.9935 -0.1106
vn -0.6457 -0.7505 -0.1408
vn -0.6985 -0.7100 -0.0898
vn 0.7093 -0.6975 -0.1025
vn 0.0278 -0.9904 -0.1351
vn -0.6726 -0.7274 -0.1361
vn 0.0662 -0.9864 -0.1507
vn -0.6667 -0.7445 -0.0339
vn -0.6707 -0.7376 -0.0789
vn 0.0427 -0.9984 -0.0377
vn -0.6878 -0.7257 -0.0159
vn 0.7228 -0.6853 -0.0895
vn 0.9578 -0.2730 -0.0903
vn 0.9992 0.0351 -0.0193
vn 0.6985 -0.7091 -0.0965
vn -0.9408 -0.3072 -0.1435
vn -0.9985 -0.0181 -0.0514
vn -0.9945 0.0592 -0.0869
vn -0.0476 0.9973 0.0564
vn -0.0403 0.9980 0.0480
vn -0.0401 0.9980 0.0495
vn -0.7126 0.7013 0.0199
vn -0.7097 0.7033 0.0414
vn 0.9969 0.0598 -0.0503
vn 0.9985 -0.0352 -0.0409
vn -0.7043 -0.6882 -0.1738
vn 0.0290 -0.9762 -0.2147
vn 0.7375 -0.6579 -0.1527
vn -0.7644 0.6439 0.0322
vn -0.9984 0.0500 -0.0280
vn -0.9977 -0.0398 -0.0550
vn -0.6670 -0.7242 -0.1750
vn -0.9984 0.0555 -0.0114
vn -0.9523 -0.3053 -0.0002
vn -0.6426 -0.7604 -0.0939
vn -0.9537 -0.2780 -0.1149
vn -0.9978 0.0576 -0.0327
vn -0.9331 0.3574 -0.0404
vn 0.9536 -0.2733 -0.1263
vn -0.6857 0.7267 -0.0407
vn -0.9941 0.0671 -0.0849
vn -0.9947 0.0709 -0.0747
vn -0.6850 0.7284 -0.0117
vn -0.9939 0.0597 -0.0923
vn -0.6797 -0.7054 -0.2011
vn -0.6876 -0.6893 -0.2281
vn 0.7377 0.6700 0.0831
vn 0.6773 0.7354 0.0218
vn 0.9962 0.0562 -0.0663
vn -0.7082 -0.6459 -0.2851
vn 0.0816 -0.9627 -0.2579
vn 0.0668 -0.9082 -0.4131
vn 0.7240 -0.6328 -0.2744
vn 0.5705 0.7264 -0.3832
vn 0.9876 0.0952 -0.1250
vn 0.9555 0.1322 -0.2637
vn 0.7488 -0.6461 -0.1478
vn -0.7220 0.6914 0.0264
vn -0.9990 -0.0277 -0.0357
vn -0.9966 0.0656 -0.0508
vn -0.7005 -0.7104 -0.0681
vn -0.9982 0.0511 -0.0326
vn -0.7012 -0.7031 -0.1185
vn -0.6726 -0.7375 -0.0615
vn 0.0426 -0.9958 -0.0811
vn 0.7135 -0.6988 -0.0510
vn 0.7349 -0.6747 -0.0689
vn -0.6677 -0.7098 -0.2244
vn 0.0706 -0.9790 -0.1912
vn 0.0879 -0.9640 -0.2511
vn -0.6703 -0.7342 -0.1079
vn -0.6801 -0.7116 -0.1764
vn 0.0604 -0.9887 -0.1373
vn 0.7268 -0.6709 -0.1473
vn 0.7258 -0.6632 -0.1825
vn -0.6689 -0.7302 -0.1391
vn 0.0539 -0.9781 -0.2011
vn -0.6679 -0.7130 -0.2133
vn 0.0667 -0.9934 -0.0930
vn 0.7358 -0.6548 -0.1727
vn 0.6995 -0.6862 -0.1997
vn 0.0426 -0.9715 -0.2333
vn 0.6726 0.7371 0.0649
vn 0.9975 0.0633 -0.0310
vn 0.6714 0.7399 0.0416
vn 0.9978 0.0636 -0.0163
vn 0.7342 -0.6695 -0.1128
vn -0.0362 0.9907 0.1312
vn -0.7117 0.6998 0.0608
vn -0.6969 0.7145 0.0628
vn 0.6718 0.7372 0.0729
vn -0.0432 0.9895 0.1383
vn -0.0556 0.9917 0.1157
vn -0.7637 0.6435 0.0518
vn 0.4339 0.5527 -0.7115
vn 0.8185 0.0618 -0.5712
vn 0.6618 0.7415 0.1104
vn 0.9960 0.0722 -0.0518
vn 0.6563 0.7500 0.0822
vn 0.9875 0.0310 0.1545
vn 0.7380 -0.6445 -0.2002
vn 0.9979 0.0629 -0.0119
vn -0.0542 0.9959 0.0730
vn 0.6786 0.7337 0.0342
vn -0.0555 0.9948 0.0849
vn -0.0665 0.9954 0.0683
vn -0.0259 0.3173 -0.9480
vn -0.5364 -0.0887 -0.8393
vn -0.3175 0.2975 -0.9004
vn 0.4668 -0.0223 -0.8841
vn -0.0099 -0.0939 -0.9955
vn 0.4843 -0.6463 -0.5897
vn 0.0327 -0.8179 -0.5744
vn -0.4539 -0.7110 -0.5371
vn 0.6984 -0.6490 -0.3016
vn -0.6402 -0.7392 -0.2089
vn 0.0655 -0.9974 -0.0300
vn -0.0532 0.6556 -0.7532
vn -0.0653 0.9033 -0.4239
vn 0.2433 0.3127 -0.9182
vn -0.6358 0.7663 0.0926
vn 0.6877 0.7231 0.0645
vn -0.0460 0.9912 0.1245
vn -0.0529 0.9925 0.1104
vn -0.6467 0.7627 -0.0026
vn -0.7731 0.6342 -0.0084
vn 0.5951 0.8036 0.0061
vn -0.0877 0.9961 0.0121
vn -0.0698 0.9967 -0.0409
vn -0.7704 0.6369 -0.0308
vn 0.0509 -0.9884 -0.1432
vn 0.7124 -0.6959 -0.0909
vn -0.6557 -0.7474 -0.1073
vn 0.0396 -0.9883 -0.1472
vn -0.6543 -0.7534 -0.0653
vn -0.6453 -0.7514 -0.1375
vn 0.9994 -0.0022 -0.0335
vn 0.9972 0.0718 -0.0215
vn 0.7015 0.7082 0.0800
vn 0.9574 -0.2672 -0.1095
vn -0.9541 -0.2937 -0.0582
vn -0.6348 -0.7409 -0.2195
vn -0.9972 0.0660 -0.0346
vn -0.9995 -0.0156 -0.0290
vn -0.9549 -0.2688 -0.1262
vn -0.9963 0.0540 -0.0676
vn -0.9963 0.0476 -0.0714
vn 0.9957 0.0780 -0.0500
vn 0.9992 -0.0180 -0.0370
vn 0.0408 -0.9747 -0.2198
vn 0.7028 -0.6907 -0.1703
vn 0.0444 -0.9722 -0.2297
vn -0.9181 0.3951 0.0303
vn -0.9971 0.0644 -0.0396
vn -0.9484 -0.2936 -0.1194
vn -0.9188 0.3936 -0.0309
vn -0.9972 0.0553 -0.0508
vn 0.7422 0.6697 0.0261
vn 0.9189 0.3935 -0.0269
vn 0.9609 -0.2770 -0.0026
vn 0.6725 -0.7230 -0.1582
vn 0.9285 0.3710 0.0172
vn -0.7186 0.6935 0.0522
vn -0.9978 0.0347 -0.0559
vn -0.9999 0.0115 0.0039
vn -0.6648 -0.7015 -0.2566
vn -0.6849 -0.6750 -0.2745
vn 0.9955 0.0740 -0.0589
vn -0.0289 0.9906 0.1340
vn 0.1012 -0.9419 -0.3202
vn 0.0968 -0.8976 -0.4301
vn 0.7787 -0.6057 -0.1635
vn -0.9986 0.0476 -0.0211
vn -0.7098 -0.7017 -0.0618
vn -0.9980 0.0398 -0.0500
vn 0.0565 -0.9817 -0.1817
vn 0.7064 -0.7050 -0.0637
vn 0.7246 -0.6749 -0.1397
vn 0.6703 0.7411 0.0387
vn 0.9973 0.0631 -0.0366
vn 0.6757 0.7368 0.0244
vn 0.7251 0.6883 0.0196
vn 0.9986 0.0515 -0.0108
vn 0.9956 -0.0210 -0.0915
vn 0.7303 -0.6642 -0.1599
vn -0.0206 0.9936 0.1108
vn -0.7046 0.7081 0.0459
vn -0.6897 0.7236 0.0275
vn 0.6759 0.7345 0.0612
vn -0.0316 0.9919 0.1234
vn -0.0320 0.9945 0.0994
vn 0.6632 0.7378 0.1257
vn 0.9953 0.0772 -0.0581
vn 0.6624 0.7454 0.0745
vn 0.6754 0.6983 0.2370
vn 0.9972 0.0750 -0.0040
vn 0.9802 0.0469 0.1922
vn 0.7372 -0.6417 -0.2114
vn 0.7232 -0.6642 -0.1893
vn -0.0446 0.9977 0.0514
vn 0.6709 0.7411 0.0270
vn -0.0461 0.9969 0.0642
vn -0.0388 0.9984 0.0418
vn 0.6972 0.7138 0.0667
vn -0.0407 0.9946 0.0960
vn -0.0386 0.9928 0.1133
vn -0.7193 0.6928 0.0510
vn -0.7350 0.6773 0.0333
vn 0.0095 -0.9929 -0.1185
vn 0.6689 -0.7373 -0.0949
vn 0.0100 -0.9891 -0.1468
vn 0.0320 -0.9878 -0.1525
vn 0.9599 -0.2521 -0.1224
vn 1.0000 0.0073 -0.0029
vn 0.6889 -0.7187 -0.0947
vn -0.9954 0.0499 -0.0812
vn -0.9940 0.0452 -0.1000
vn -0.9978 0.0602 -0.0278
vn -0.6727 -0.7296 -0.1234
vn -0.6838 -0.7081 -0.1758
vn -0.7119 0.7008 0.0449
vn -0.0447 0.9978 0.0494
vn 0.9975 0.0500 -0.0498
vn -0.6694 -0.7209 -0.1794
vn 0.0302 -0.9774 -0.2092
vn 0.0176 -0.9820 -0.1881
vn 0.0311 -0.9900 -0.1373
vn -0.9977 0.0563 -0.0377
vn -0.7066 -0.6898 -0.1581
vn -0.6212 -0.7682 -0.1548
vn -0.9540 -0.2963 -0.0459
vn -0.9955 0.0667 -0.0679
vn -0.7661 0.6426 -0.0154
vn -0.6776 0.7258 -0.1186
vn -0.9915 0.0275 -0.1269
vn -0.9697 0.0096 -0.2442
vn -0.6891 0.7246 0.0066
vn -0.6678 -0.7072 -0.2322
vn -0.6561 -0.6944 -0.2954
vn -0.6433 -0.6572 -0.3928
vn 0.9948 0.0790 -0.0644
vn 0.0471 0.9936 0.1022
vn 0.0022 0.9931 0.1169
vn 0.0862 -0.8826 -0.4621
vn 0.0751 -0.9646 -0.2528
vn 0.0894 -0.9365 -0.3392
vn 0.7774 -0.6055 -0.1704
vn -0.4020 -0.9155 0.0168
vn 0.6104 -0.7871 -0.0886
vn 0.0935 -0.9902 -0.1038
vn 0.1181 -0.7482 0.6529
vn -0.2144 -0.7479 0.6283
vn 0.9970 0.0325 0.0709
vn 0.5345 0.8073 0.2500
vn 0.3340 0.6723 0.6606
vn 0.7859 0.1947 0.5869
vn 0.5633 -0.5736 0.5947
vn -0.0767 0.9547 0.2874
vn -0.7251 -0.3115 0.6142
vn -0.9435 -0.2555 0.2109
vn -0.6101 0.4056 0.6807
vn -0.6534 0.6475 0.3922
vn 0.0110 0.9999 -0.0119
vn -0.7004 0.6883 -0.1890
vn 0.0390 0.9946 -0.0964
vn -0.6758 -0.6171 -0.4031
vn 0.0363 0.0538 -0.9979
vn -0.9816 0.0996 -0.1628
vn 0.6860 -0.6393 -0.3474
vn 0.0805 -0.8950 -0.4387
vn -0.0309 0.9965 -0.0780
vn 0.7098 0.6721 -0.2108
vn 0.7136 0.7006 -0.0043
vn -0.7162 0.6699 -0.1956
vn -0.0672 0.9822 -0.1753
vn -0.7374 0.6742 -0.0405
vn -0.9983 0.0477 0.0347
vn -0.6837 0.2429 -0.6881
vn -0.5242 0.8163 -0.2425
vn 0.7518 -0.6264 -0.2059
vn 0.0963 -0.9503 -0.2961
vn -0.2166 -0.7999 -0.5597
vn -0.6849 -0.6656 -0.2963
vn 0.9876 -0.0047 0.1570
vn -0.6311 -0.6672 -0.3957
vn 0.7561 -0.6173 -0.2173
vn 0.0564 -0.9146 -0.4004
vn 0.6216 -0.7274 -0.2908
vn 0.0125 -0.9668 -0.2553
vn 0.9007 -0.0489 0.4317
vn 0.7287 0.6797 0.0842
vn -0.0115 0.9925 0.1218
vn 0.6820 0.7095 0.1776
vn -0.0275 0.9996 -0.0081
vn -0.6906 0.6892 -0.2193
vn -0.0206 0.9958 -0.0892
vn 0.3679 0.8658 -0.3391
vn -0.9982 -0.0172 -0.0574
vn -0.0221 -0.8923 -0.4510
vn -0.6607 -0.6504 -0.3747
vn 0.8378 -0.0420 0.5444
vn 0.7462 -0.6088 -0.2691
vn 0.7452 0.6360 0.2003
vn 0.0391 0.9909 -0.1289
vn -0.6463 0.6517 -0.3969
vn -0.9210 -0.0133 -0.3894
vn -0.6634 -0.0426 0.7470
vn -0.6551 0.4078 0.6361
vn -0.7294 -0.0427 0.6828
vn 0.1044 0.9854 -0.1349
vn -0.4508 0.7625 0.4640
vn 0.1410 0.9853 -0.0965
vn -0.4308 0.7673 0.4750
vn -0.7100 0.0468 0.7027
vn -0.5574 -0.5892 0.5850
vn -0.5749 -0.6023 0.5538
vn -0.6714 0.0196 0.7408
vn -0.6031 -0.5976 0.5284
vn -0.1395 -0.9734 0.1820
vn -0.0900 -0.9849 0.1477
vn -0.7689 -0.5273 0.3615
vn -0.7961 0.1398 0.5888
vn -0.7674 -0.5334 0.3558
vn -0.5002 -0.8658 -0.0162
vn -0.5701 -0.8215 -0.0042
vn 0.5241 -0.7345 -0.4310
vn 0.5202 -0.6911 -0.5017
vn 0.6719 -0.0432 -0.7393
vn 0.4397 -0.6885 -0.5767
vn -0.2433 -0.9699 -0.0045
vn -0.1646 -0.9863 0.0103
vn 0.4784 -0.7139 -0.5113
vn -0.1188 -0.9900 0.0757
vn 0.5523 0.6050 -0.5735
vn 0.5890 0.6146 -0.5247
vn 0.3954 -0.4886 -0.7778
vn 0.3533 -0.7100 -0.6092
vn 0.6634 -0.0257 -0.7479
vn -0.2732 -0.9618 0.0157
vn 0.1991 0.9774 -0.0714
vn 0.6344 0.5459 -0.5473
vn 0.2063 0.9765 -0.0626
vn 0.4158 0.4360 -0.7981
vn 0.5928 -0.0185 -0.8052
vn 0.6488 0.5886 -0.4823
vn 0.1361 0.9895 -0.0497
vn 0.6233 0.6208 -0.4755
vn 0.1438 0.9886 -0.0450
vn -0.7045 0.0154 0.7096
vn -0.6318 0.4249 0.6483
vn -0.6808 0.0062 0.7325
vn -0.4402 0.7540 0.4875
vn -0.4216 0.7569 0.4994
vn -0.7094 0.0057 0.7048
vn -0.6150 -0.5625 0.5526
vn -0.7657 0.0480 0.6414
vn -0.4445 -0.8938 0.0596
vn -0.7225 -0.5471 0.4227
vn -0.3522 -0.9357 0.0225
vn -0.1309 -0.9085 -0.3968
vn 0.1956 -0.6494 -0.7349
vn 0.2470 -0.5174 -0.8193
vn -0.0593 -0.8127 -0.5797
vn -0.5991 -0.6169 0.5104
vn -0.7766 0.0668 0.6264
vn -0.2029 -0.9746 0.0947
vn -0.6271 -0.6131 0.4805
vn 0.0683 0.9851 -0.1576
vn -0.2539 0.9582 0.1322
vn -0.4989 0.7780 0.3818
vn -0.0012 0.9629 -0.2700
vn 0.0595 0.9742 -0.2178
vn -0.3763 0.7906 0.4830
vn -0.4057 0.7569 0.5123
vn -0.6601 0.4595 0.5942
vn -0.7869 0.0869 0.6110
vn 0.0597 0.3129 -0.9479
vn 0.0834 0.9267 -0.3664
vn -0.2135 0.2556 -0.9429
vn 0.2375 -0.1239 -0.9635
vn 0.4327 -0.3306 -0.8388
vn 0.0877 -0.8750 -0.4761
vn 0.4917 -0.7381 -0.4620
vn -0.3186 0.8364 0.4460
vn -0.3360 0.8621 0.3792
vn -0.5779 -0.6036 0.5493
vn -0.5974 -0.6112 0.5193
vn -0.7245 0.0347 0.6884
vn -0.4493 0.7373 0.5045
vn -0.1304 0.9516 0.2784
vn 0.5266 0.5890 -0.6130
vn 0.6253 -0.0054 -0.7804
vn 0.4969 0.5760 -0.6491
vn 0.4501 0.5645 -0.6919
vn -0.4405 -0.8114 -0.3841
vn 0.6346 -0.3090 -0.7084
vn -0.2365 0.9216 0.3079
vn -0.0828 0.8952 -0.4378
vn -0.0141 -0.9760 -0.2171
vn -0.3153 0.7923 -0.5224
vn -0.1266 0.9860 -0.1088
vn 0.2859 0.7357 -0.6140
vn -0.4622 -0.7443 -0.4821
vn 0.5489 0.7779 0.3059
vn 0.6528 0.5827 0.4841
vn 0.4835 -0.8754 -0.0054
vn 0.6367 0.7519 -0.1710
vn -0.9602 0.0434 -0.2760
vn -0.7357 0.6764 -0.0350
vn -0.9596 0.0439 -0.2779
vn 0.0569 -0.9960 -0.0688
vn -0.0865 0.9960 -0.0244
vn 0.0583 -0.9908 -0.1224
vn 0.6787 -0.7298 -0.0823
vn 0.9989 0.0406 -0.0224
vn -0.9981 -0.0425 -0.0455
vn 0.6389 0.7578 -0.1329
vn 0.9988 -0.0151 -0.0471
vn 0.7282 -0.6650 -0.1661
vn 0.7310 0.6811 -0.0410
vn -0.6600 -0.7503 -0.0385
vn 0.6977 -0.6737 -0.2435
vn 0.7318 -0.6730 -0.1070
vn 0.7097 0.7042 0.0212
vn 0.9975 0.0689 -0.0175
vn -0.9534 -0.2784 -0.1164
vn -0.1597 0.6842 0.7116
vn 0.6969 -0.0252 -0.7168
vn 0.1021 -0.8739 -0.4753
vn -0.5558 0.7522 0.3539
vn 0.1830 0.9369 -0.2980
vn 0.5960 0.0006 -0.8030
vn 0.8111 -0.5780 -0.0891
vn 0.1822 -0.9660 -0.1837
vn 0.1983 -0.9616 -0.1899
vn 0.8550 0.5181 0.0216
vn 0.8944 0.4395 0.0833
vn 0.2515 0.9460 -0.2046
vn 0.4334 0.8362 -0.3361
vn -0.3699 0.8223 -0.4323
vn 0.0675 0.9911 -0.1143
vn 0.2411 0.9666 -0.0868
vn 0.9974 -0.0718 0.0082
vn 0.9921 -0.1028 0.0720
vn 0.0943 0.9955 0.0091
vn -0.1303 0.9813 0.1415
vn -0.3133 0.9485 -0.0461
vn -0.8674 0.0264 -0.4969
vn -0.2058 0.8091 -0.5504
vn -0.1845 -0.9618 -0.2024
vn 0.7923 0.1885 -0.5802
vn 0.7957 -0.5889 0.1415
vn 0.8534 -0.5123 0.0960
vn -0.5231 0.5802 0.6243
vn -0.5332 0.6248 0.5704
vn -0.1803 0.9803 0.0809
vn 0.9798 -0.1106 0.1664
vn 0.9662 -0.0821 0.2443
vn -0.3906 0.9205 -0.0085
vn -0.3209 0.9471 0.0101
vn -0.7730 -0.0613 0.6315
vn -0.5128 -0.3673 -0.7760
vn -0.6401 0.1270 -0.7577
vn -0.7365 -0.4389 -0.5147
vn 0.7176 0.6936 -0.0623
vn 0.9952 -0.0148 -0.0967
vn -0.7157 0.6981 0.0208
vn -0.9976 0.0536 -0.0431
vn -0.9979 0.0527 -0.0380
vn -0.7656 0.6432 -0.0085
vn -0.7138 0.7001 0.0179
vn -0.9989 -0.0338 -0.0330
vn -0.7069 -0.7052 -0.0548
vn -0.7080 -0.6975 -0.1107
vn -0.7667 0.6373 -0.0776
vn -0.9848 0.0377 -0.1697
vn -0.9880 -0.0389 -0.1493
vn -0.6435 0.6467 -0.4096
vn -0.7068 0.6877 -0.1659
vn 0.0333 -0.9976 -0.0610
vn 0.0314 -0.9899 -0.1381
vn -0.6830 -0.7304 0.0067
vn 0.7295 -0.6838 -0.0167
vn 0.7402 -0.6693 -0.0648
vn 0.7352 -0.6694 -0.1070
vn 0.0620 -0.9814 -0.1817
vn -0.6781 -0.7237 -0.1286
vn 0.0442 -0.9906 -0.1293
vn 0.0328 -0.9705 -0.2389
vn 0.7064 -0.6795 -0.1982
vn -0.0678 0.9797 -0.1887
vn 0.6704 0.7410 0.0375
vn 0.9974 0.0626 -0.0367
vn 0.6759 0.7366 0.0237
vn 0.7268 0.6855 0.0443
vn 0.9979 0.0582 -0.0269
vn 0.9982 -0.0421 -0.0433
vn 0.7288 -0.6642 -0.1665
vn 0.7970 0.0516 -0.6017
vn 0.4390 -0.0208 -0.8982
vn 0.2228 0.2882 -0.9313
vn 0.9959 0.0229 0.0876
vn -0.0545 0.9972 0.0505
vn 0.6785 0.7337 0.0359
vn -0.0559 0.9963 0.0647
vn -0.0249 0.2931 -0.9558
vn -0.5161 -0.0834 -0.8525
vn -0.2942 0.2784 -0.9143
vn -0.0135 -0.0799 -0.9967
vn 0.4653 -0.6513 -0.5994
vn 0.0194 -0.8127 -0.5823
vn -0.4501 -0.7068 -0.5458
vn -0.5049 0.4878 -0.7121
vn -0.7341 0.6767 0.0565
vn 0.7222 0.6887 0.0636
vn -0.0485 0.9938 0.1001
vn -0.0528 0.9963 0.0677
vn -0.7628 0.6458 0.0327
vn 0.0414 -0.9909 -0.1278
vn -0.6788 -0.7273 -0.1012
vn -0.6928 -0.7127 -0.1101
vn 0.7015 -0.7062 -0.0958
vn 0.0353 -0.9958 -0.0848
vn -0.6643 -0.7465 -0.0377
vn 0.7081 -0.7054 -0.0320
vn 0.0411 -0.9960 -0.0793
vn 0.0377 -0.9988 -0.0322
vn 0.9966 0.0758 -0.0318
vn 0.7276 0.6819 0.0745
vn 0.9598 -0.2521 -0.1235
vn 0.7297 -0.6681 -0.1459
vn -0.9964 0.0501 -0.0685
vn 0.9970 0.0506 -0.0593
vn 0.7043 -0.7023 -0.1039
vn 0.9629 -0.2673 -0.0381
vn 0.6955 -0.6938 -0.1867
vn -0.9993 0.0299 -0.0205
vn -0.9466 -0.2956 -0.1287
vn -0.7128 0.7001 0.0412
vn -0.0544 0.9974 0.0474
vn 0.6576 0.7533 -0.0117
vn 0.9972 0.0509 -0.0551
vn 0.9982 0.0472 -0.0379
vn -0.6789 -0.7132 -0.1745
vn 0.0313 -0.9757 -0.2168
vn 0.0376 -0.9747 -0.2201
vn -0.7010 -0.6913 -0.1751
vn 0.6994 -0.6997 -0.1458
vn -0.9984 0.0491 -0.0282
vn -0.9976 -0.0569 -0.0395
vn -0.6764 -0.7224 -0.1434
vn 0.6986 -0.7010 -0.1431
vn 0.0446 -0.9789 -0.1995
vn -0.9989 0.0345 -0.0302
vn -0.9520 -0.3060 -0.0027
vn -0.9457 0.3250 0.0049
vn -0.9557 -0.2684 -0.1207
vn -0.9957 0.0795 -0.0465
vn -0.9371 0.3465 -0.0417
vn 0.9977 0.0583 -0.0339
vn 0.9639 -0.2576 -0.0668
vn 0.9257 0.3779 -0.0161
vn 0.9593 -0.2824 -0.0020
vn 0.9974 0.0702 -0.0150
vn 0.9414 0.3368 0.0168
vn -0.0300 0.9982 0.0521
vn 0.9949 -0.0118 -0.1000
vn 0.7370 -0.6542 -0.1702
vn 0.7508 -0.6441 -0.1464
vn -0.9976 0.0545 -0.0434
vn -0.9978 0.0539 -0.0379
vn -0.7109 0.7031 0.0155
vn -0.7110 -0.7014 -0.0505
vn -0.9847 0.0381 -0.1698
vn -0.9881 -0.0379 -0.1494
vn -0.6388 0.6450 -0.4193
vn -0.7037 0.6892 -0.1723
vn -0.6619 -0.6999 -0.2685
vn -0.6881 -0.7066 -0.1649
vn 0.0711 -0.9780 -0.1961
vn 0.7187 -0.6819 -0.1361
vn 0.0525 -0.9710 -0.2332
vn 0.7004 -0.6966 -0.1556
vn 0.7372 0.6750 0.0298
vn 0.9987 0.0371 -0.0356
vn 0.6939 -0.6490 -0.3119
vn 0.6888 0.7249 0.0072
vn 0.9968 0.0497 -0.0624
vn 0.7066 0.7076 -0.0049
vn 0.9982 0.0308 -0.0521
vn 0.9980 0.0171 -0.0600
vn 0.7218 -0.6724 -0.1640
vn 0.6779 0.7348 0.0247
vn -0.0418 0.9972 0.0620
vn -0.2852 0.2709 -0.9194
vn 0.0552 -0.9985 0.0017
vn -0.4980 0.4814 -0.7213
vn 0.4206 0.9072 0.0099
vn -0.9963 0.0341 -0.0784
vn -0.9574 -0.2814 -0.0644
vn -0.6452 -0.7379 -0.1980
vn 0.9972 0.0587 -0.0473
vn 0.7001 -0.7067 -0.1021
vn 0.9604 -0.2784 -0.0086
vn 0.6684 -0.7232 -0.1741
vn -0.9984 0.0440 -0.0351
vn 0.7456 0.6657 0.0293
vn 0.0288 -0.9745 -0.2226
vn 0.7164 -0.6780 -0.1642
vn 0.0760 -0.9826 -0.1695
vn 0.7051 -0.7016 -0.1035
vn 0.0274 -0.9907 -0.1335
vn -0.9440 0.3299 0.0078
vn 0.9970 0.0722 -0.0293
vn 0.8116 0.5831 -0.0345
vn 0.9621 -0.2709 -0.0303
vn 0.9990 0.0431 -0.0133
vn 0.7743 0.6305 0.0551
vn -0.0013 0.9999 0.0172
vn 0.9952 -0.0041 -0.0976
vn -0.7137 0.6994 0.0381
vn -0.9873 0.0301 -0.1559
vn -0.9896 -0.0369 -0.1391
vn -0.6549 0.6621 -0.3644
vn -0.7107 0.6912 -0.1306
vn -0.6448 -0.7281 -0.2325
vn 0.0407 -0.9879 -0.1496
vn -0.0674 0.9875 -0.1428
vn 0.7108 0.7006 0.0624
vn -0.5269 0.5150 -0.6762
vn -0.8639 -0.0200 -0.5032
vn -0.9695 0.0352 -0.2424
vn -0.7630 0.6410 0.0831
vn 0.0494 -0.9894 -0.1366
vn -0.6544 -0.7411 -0.1501
vn 0.6994 -0.7079 -0.0985
vn 0.7004 -0.7112 -0.0600
vn 0.0412 -0.9916 -0.1225
vn 0.0445 -0.9950 -0.0892
vn 0.7171 -0.6819 -0.1444
vn 0.9964 0.0802 -0.0292
vn 0.6893 -0.7147 -0.1188
vn 0.9661 -0.2579 -0.0069
vn 0.6814 -0.7094 -0.1799
vn -0.7121 0.6998 0.0564
vn -0.0545 0.9959 0.0716
vn -0.6675 -0.7196 -0.1913
vn -0.6931 -0.6982 -0.1792
vn -0.9978 0.0476 -0.0457
vn -0.9994 -0.0061 -0.0332
vn 0.0358 -0.9813 -0.1889
vn -0.6493 -0.7403 -0.1743
vn 0.0485 -0.9878 -0.1477
vn -0.9981 0.0566 0.0243
vn -0.9531 -0.3025 -0.0034
vn 0.9965 0.0764 -0.0345
vn 0.9539 -0.2770 -0.1155
vn 0.9958 0.0909 -0.0084
vn -0.7027 0.7075 0.0748
vn 0.5637 0.7071 -0.4269
vn 0.9865 0.0925 -0.1355
vn 0.9464 0.1325 -0.2945
vn 0.7076 0.7025 -0.0763
vn 0.6373 0.7521 -0.1679
vn 0.9949 0.0204 -0.0983
vn 0.7375 -0.6545 -0.1666
vn 0.7472 -0.6476 -0.1495
vn -0.7094 0.7044 0.0217
vn -0.7076 0.7064 0.0182
vn -0.7063 -0.6992 -0.1106
vn -0.7649 0.6397 -0.0751
vn -0.9867 0.0271 -0.1603
vn -0.9867 0.0515 -0.1539
vn -0.6365 0.6524 -0.4113
vn -0.7002 0.6943 -0.1662
vn -0.9597 0.0449 -0.2773
vn -0.6788 -0.7066 -0.1998
vn -0.6509 -0.7197 -0.2417
vn 0.0329 -0.9941 -0.1029
vn 0.7081 -0.7041 -0.0528
vn 0.7362 -0.6737 -0.0643
vn 0.0370 -0.9762 -0.2139
vn -0.6707 -0.7285 -0.1394
vn 0.0455 -0.9799 -0.1945
vn 0.0585 -0.9956 -0.0734
vn 0.7052 -0.6843 -0.1857
vn -0.0451 0.9963 -0.0732
vn -0.0573 0.9809 -0.1861
vn -0.0541 0.8792 -0.4733
vn -0.7282 0.6822 0.0655
vn 0.4168 0.5217 -0.7444
vn 0.7978 0.0541 -0.6005
vn 0.6904 -0.6507 -0.3160
vn 0.4423 -0.0165 -0.8967
vn 0.2267 0.2931 -0.9288
vn -0.0172 0.2969 -0.9548
vn -0.5121 -0.0836 -0.8549
vn -0.2853 0.2814 -0.9162
vn -0.0066 -0.0779 -0.9969
vn 0.4685 -0.6518 -0.5964
vn 0.0260 -0.8151 -0.5787
vn -0.4449 -0.7115 -0.5438
vn -0.6448 -0.7340 -0.2132
vn 0.0569 -0.9984 -0.0043
vn -0.0411 0.6160 -0.7867
vn -0.4971 0.4918 -0.7149
vn -0.8443 -0.0237 -0.5353
vn -0.6396 0.7683 -0.0235
vn 0.6704 0.7415 -0.0294
vn -0.0220 0.9996 -0.0165
vn -0.6100 -0.7847 -0.1102
vn -0.6581 -0.7423 -0.1260
vn 0.0334 -0.9954 -0.0894
vn -0.5946 -0.7969 -0.1070
vn -0.6686 -0.7293 -0.1452
vn 0.7127 -0.6983 -0.0663
vn 0.0341 -0.9984 -0.0452
vn 0.0353 -0.9940 -0.1032
vn 0.7243 0.6827 0.0966
vn -0.9973 0.0377 -0.0634
vn -0.9457 -0.2973 -0.1315
vn -0.6074 -0.7772 -0.1642
vn 0.9963 0.0100 -0.0855
vn 0.7205 -0.6851 -0.1074
vn 0.9629 -0.2613 -0.0676
vn 0.7123 -0.6856 -0.1502
vn -0.9982 0.0532 -0.0292
vn -0.9503 -0.2994 -0.0858
vn 0.9984 0.0138 -0.0545
vn -0.9990 0.0383 -0.0239
vn 0.0333 -0.9885 -0.1472
vn 0.6764 -0.7225 -0.1429
vn 0.0028 -0.9923 -0.1241
vn -0.9988 0.0478 -0.0111
vn -0.9380 0.3465 0.0058
vn -0.9269 0.3729 -0.0417
vn 0.9999 0.0099 -0.0083
vn 0.9596 -0.2753 -0.0580
vn 0.9485 0.3159 -0.0236
vn 0.9643 -0.2605 -0.0483
vn 0.9959 0.0679 -0.0603
vn 0.9384 0.3453 0.0103
vn 0.7260 0.6811 -0.0956
vn 0.9875 -0.0274 -0.1552
vn 0.2947 -0.6068 -0.7382
vn -0.1826 -0.9824 -0.0387
vn -0.1720 -0.9826 -0.0695
vn 0.3882 0.0276 -0.9212
vn 0.3481 -0.6568 -0.6689
vn 0.5370 0.0078 -0.8436
vn 0.3575 -0.7016 -0.6163
vn -0.1899 -0.9807 0.0459
vn -0.7280 0.4352 0.5297
vn -0.7963 -0.0043 0.6049
vn -0.6163 0.7386 0.2732
vn -0.8392 -0.0104 0.5437
vn -0.4649 0.7297 0.5013
vn -0.1092 0.8387 -0.5335
vn -0.6102 0.7731 0.1733
vn -0.0220 0.9193 -0.3930
vn -0.6401 0.7640 0.0816
vn -0.8226 0.0395 0.5673
vn -0.5776 -0.6105 0.5420
vn -0.6113 -0.6050 0.5102
vn -0.1733 -0.9799 0.0987
vn -0.3003 0.4548 -0.8384
vn 0.0681 0.3872 -0.9195
vn -0.1456 0.2461 -0.9583
vn -0.2144 0.6882 -0.6931
vn 0.1927 0.0420 -0.9804
vn -0.0297 0.0597 -0.9978
vn -0.8021 0.0507 0.5950
vn -0.6228 -0.6093 0.4909
vn -0.5873 -0.6057 0.5368
vn -0.1744 -0.9824 0.0666
vn 0.2340 -0.9458 -0.2252
vn 0.3860 0.5545 -0.7373
vn 0.2501 0.4892 -0.8355
vn 0.7214 -0.0041 -0.6925
vn 0.7517 -0.0079 -0.6594
vn -0.7186 0.4223 -0.5524
vn -0.1354 -0.2666 -0.9542
vn -0.4385 0.0429 -0.8977
vn -0.4960 -0.7344 -0.4634
vn -0.8479 -0.4662 -0.2525
vn -0.9965 -0.0333 -0.0761
vn -0.2766 -0.9362 -0.2167
vn -0.8922 0.0696 0.4463
vn -0.6269 -0.6139 0.4797
vn -0.1361 -0.2627 -0.9552
vn 0.1310 -0.5293 -0.8383
vn -0.5405 -0.5771 0.6122
vn 0.4546 -0.7017 -0.5486
vn 0.1429 -0.9518 -0.2715
vn -0.7317 0.6705 -0.1222
vn -0.2876 -0.7831 -0.5514
vt 0.000000 0.000000
s 1
usemtl M_Skin
f 195/1/1 831/1/2 60/1/3
f 50/1/4 445/1/5 831/1/2
f 60/1/3 421/1/6 210/1/7
f 426/1/8 59/1/9 211/1/10
f 426/1/8 62/1/11 832/1/12
f 62/1/11 49/1/13 832/1/12
f 832/1/12 5/1/14 59/1/9
f 833/1/15 12/1/16 448/1/17
f 219/1/18 145/1/19 62/1/11
f 428/1/20 444/1/21 145/1/19
f 145/1/19 198/1/22 402/1/23
f 62/1/11 402/1/23 199/1/24
f 419/1/25 439/1/26 10/1/27
f 13/1/28 835/1/29 423/1/30
f 63/1/31 427/1/32 835/1/29
f 190/1/33 146/1/34 48/1/35
f 441/1/36 51/1/37 146/1/34
f 146/1/34 207/1/38 61/1/39
f 48/1/35 61/1/39 193/1/40
f 61/1/39 53/1/41 836/1/42
f 4/1/43 837/1/44 433/1/45
f 52/1/46 437/1/47 839/1/48
f 839/1/48 8/1/49 415/1/50
f 447/1/51 450/1/52 7/1/53
f 438/1/54 413/1/55 147/1/56
f 147/1/56 208/1/57 440/1/58
f 48/1/35 408/1/59 841/1/60
f 841/1/60 196/1/61 50/1/4
f 403/1/62 50/1/4 195/1/1
f 4/1/43 842/1/63 399/1/64
f 407/1/65 49/1/13 842/1/63
f 51/1/37 409/1/66 207/1/38
f 6/1/67 843/1/68 51/1/37
f 844/1/69 8/1/49 412/1/70
f 9/1/71 845/1/72 416/1/73
f 52/1/46 417/1/74 845/1/72
f 8/1/49 846/1/75 467/1/76
f 9/1/71 846/1/75 437/1/47
f 467/1/76 64/1/77 228/1/78
f 216/1/79 847/1/80 54/1/81
f 54/1/81 421/1/6 215/1/82
f 423/1/30 422/1/83 13/1/28
f 423/1/30 55/1/84 848/1/85
f 55/1/84 424/1/86 848/1/85
f 56/1/87 427/1/32 849/1/88
f 12/1/16 148/1/89 448/1/17
f 226/1/90 148/1/89 449/1/91
f 471/1/92 54/1/81 148/1/89
f 148/1/89 215/1/82 448/1/17
f 57/1/93 420/1/94 10/1/27
f 204/1/95 850/1/96 57/1/93
f 430/1/97 56/1/87 851/1/98
f 55/1/84 58/1/99 852/1/100
f 71/1/101 442/1/102 205/1/103
f 458/1/104 71/1/101 220/1/105
f 456/1/106 462/1/107 16/1/108
f 456/1/106 72/1/109 149/1/110
f 72/1/109 67/1/111 149/1/110
f 462/1/107 67/1/111 224/1/112
f 12/1/16 854/1/113 468/1/114
f 197/1/115 854/1/113 65/1/116
f 7/1/53 855/1/117 70/1/118
f 74/1/119 453/1/120 228/1/78
f 74/1/119 66/1/121 856/1/122
f 66/1/121 465/1/123 856/1/122
f 464/1/124 71/1/101 205/1/103
f 857/1/125 220/1/105 71/1/101
f 406/1/126 69/1/127 859/1/128
f 69/1/127 460/1/129 859/1/128
f 228/1/78 860/1/130 74/1/119
f 443/1/131 70/1/118 860/1/130
f 860/1/130 221/1/132 68/1/133
f 74/1/119 68/1/133 223/1/134
f 13/1/28 861/1/135 63/1/31
f 472/1/136 463/1/137 16/1/108
f 422/1/83 463/1/137 13/1/28
f 73/1/138 456/1/106 862/1/139
f 463/1/137 456/1/106 16/1/108
f 467/1/76 412/1/70 8/1/49
f 228/1/78 150/1/140 467/1/76
f 453/1/120 466/1/141 150/1/140
f 150/1/140 208/1/57 412/1/70
f 444/1/21 69/1/127 198/1/22
f 11/1/142 864/1/143 444/1/21
f 14/1/144 864/1/143 75/1/145
f 461/1/146 75/1/145 11/1/142
f 461/1/146 462/1/107 151/1/147
f 151/1/147 224/1/112 454/1/148
f 75/1/145 454/1/148 14/1/144
f 449/1/91 72/1/109 226/1/90
f 72/1/109 455/1/149 225/1/150
f 866/1/151 15/1/152 469/1/153
f 14/1/144 867/1/154 460/1/129
f 867/1/154 223/1/134 68/1/133
f 460/1/129 68/1/133 221/1/132
f 217/1/155 868/1/156 73/1/138
f 73/1/138 471/1/92 226/1/90
f 869/1/157 11/1/142 428/1/20
f 416/1/73 64/1/77 9/1/71
f 416/1/73 447/1/51 152/1/158
f 152/1/158 7/1/53 443/1/131
f 64/1/77 443/1/131 228/1/78
f 464/1/124 53/1/41 870/1/159
f 45/1/160 872/1/161 144/1/162
f 144/1/162 402/1/23 198/1/22
f 816/1/163 828/1/164 44/1/165
f 816/1/163 144/1/162 873/1/166
f 17/1/167 874/1/168 479/1/169
f 18/1/170 879/1/171 517/1/172
f 76/1/173 519/1/174 879/1/171
f 548/1/175 78/1/176 263/1/177
f 548/1/175 512/1/178 153/1/179
f 512/1/178 490/1/180 153/1/179
f 78/1/176 490/1/180 240/1/181
f 479/1/169 486/1/182 17/1/167
f 546/1/183 81/1/184 265/1/185
f 883/1/186 266/1/187 81/1/184
f 76/1/173 485/1/188 234/1/189
f 76/1/173 487/1/190 886/1/191
f 17/1/167 887/1/192 475/1/193
f 18/1/170 888/1/194 487/1/190
f 494/1/195 495/1/196 154/1/197
f 495/1/196 496/1/198 154/1/197
f 261/1/199 893/1/200 77/1/201
f 263/1/177 896/1/202 80/1/203
f 78/1/176 511/1/204 896/1/202
f 80/1/203 545/1/205 264/1/206
f 248/1/207 901/1/208 77/1/201
f 77/1/201 534/1/209 261/1/199
f 544/1/210 80/1/203 911/1/211
f 911/1/211 264/1/206 79/1/212
f 480/1/213 79/1/212 233/1/214
f 265/1/185 155/1/215 512/1/178
f 81/1/184 521/1/216 155/1/215
f 155/1/215 250/1/217 505/1/218
f 233/1/214 156/1/219 476/1/220
f 79/1/212 549/1/221 156/1/219
f 549/1/221 547/1/222 156/1/219
f 156/1/219 232/1/223 476/1/220
f 19/1/224 913/1/225 555/1/226
f 281/1/227 913/1/225 89/1/228
f 291/1/229 916/1/230 91/1/231
f 916/1/230 23/1/232 592/1/233
f 916/1/230 293/1/234 91/1/231
f 85/1/235 593/1/236 917/1/237
f 20/1/238 918/1/239 590/1/240
f 570/1/241 89/1/228 919/1/242
f 89/1/228 551/1/243 919/1/242
f 596/1/244 90/1/245 292/1/246
f 920/1/247 293/1/234 90/1/245
f 618/1/248 87/1/249 298/1/250
f 618/1/248 88/1/251 921/1/252
f 88/1/251 83/1/253 921/1/252
f 87/1/249 83/1/253 277/1/254
f 555/1/226 562/1/255 19/1/224
f 922/1/256 21/1/257 562/1/255
f 557/1/258 560/1/259 157/1/260
f 157/1/260 275/1/261 558/1/262
f 157/1/260 274/1/263 559/1/264
f 19/1/224 926/1/265 551/1/243
f 926/1/265 21/1/257 557/1/258
f 20/1/238 927/1/266 563/1/267
f 83/1/253 565/1/268 277/1/254
f 83/1/253 566/1/269 928/1/270
f 568/1/271 84/1/272 279/1/273
f 84/1/272 570/1/241 278/1/274
f 603/1/275 92/1/276 294/1/277
f 573/1/278 85/1/235 930/1/279
f 92/1/276 85/1/235 287/1/280
f 602/1/281 93/1/282 296/1/283
f 93/1/282 577/1/284 284/1/285
f 22/1/286 158/1/287 579/1/288
f 295/1/289 158/1/287 573/1/278
f 287/1/280 934/1/290 92/1/276
f 87/1/249 584/1/291 935/1/292
f 567/1/293 596/1/244 159/1/294
f 159/1/294 292/1/246 598/1/295
f 159/1/294 290/1/296 594/1/297
f 90/1/245 592/1/233 936/1/298
f 582/1/299 592/1/233 23/1/232
f 587/1/300 91/1/231 937/1/301
f 91/1/231 597/1/302 937/1/301
f 276/1/303 938/1/304 86/1/305
f 86/1/305 587/1/300 288/1/306
f 86/1/305 605/1/307 276/1/303
f 288/1/306 160/1/308 86/1/305
f 294/1/277 160/1/308 571/1/309
f 284/1/285 161/1/310 93/1/282
f 296/1/283 161/1/310 606/1/311
f 278/1/274 942/1/312 84/1/272
f 23/1/232 943/1/313 582/1/299
f 267/1/314 162/1/315 556/1/316
f 612/1/317 616/1/318 162/1/315
f 162/1/315 299/1/319 585/1/320
f 88/1/251 579/1/288 282/1/321
f 300/1/322 947/1/323 88/1/251
f 579/1/288 593/1/236 22/1/286
f 271/1/324 949/1/325 82/1/326
f 949/1/325 270/1/327 82/1/326
f 24/1/328 950/1/329 96/1/330
f 950/1/329 307/1/331 96/1/330
f 651/1/332 104/1/333 951/1/334
f 104/1/333 108/1/335 951/1/334
f 663/1/336 108/1/335 325/1/337
f 318/1/338 953/1/339 108/1/335
f 953/1/339 323/1/340 106/1/341
f 31/1/342 163/1/343 683/1/344
f 29/1/345 163/1/343 110/1/346
f 102/1/347 107/1/348 163/1/343
f 163/1/343 33/1/349 683/1/344
f 306/1/350 164/1/351 655/1/352
f 94/1/353 657/1/354 164/1/351
f 164/1/351 322/1/355 640/1/356
f 659/1/357 109/1/358 326/1/359
f 955/1/360 327/1/361 109/1/358
f 111/1/362 105/1/363 331/1/364
f 111/1/362 650/1/365 165/1/366
f 650/1/365 99/1/367 165/1/366
f 105/1/363 99/1/367 26/1/368
f 96/1/330 628/1/369 24/1/328
f 307/1/331 956/1/370 96/1/330
f 679/1/371 682/1/372 32/1/373
f 95/1/374 680/1/375 957/1/376
f 957/1/376 33/1/349 682/1/372
f 661/1/377 653/1/378 166/1/379
f 653/1/378 634/1/380 166/1/379
f 98/1/381 625/1/382 308/1/383
f 98/1/381 626/1/384 167/1/385
f 167/1/385 311/1/386 624/1/387
f 167/1/385 310/1/388 625/1/382
f 94/1/353 627/1/389 307/1/331
f 94/1/353 629/1/390 958/1/391
f 24/1/328 959/1/392 621/1/393
f 959/1/392 309/1/394 98/1/381
f 99/1/367 631/1/395 26/1/368
f 99/1/367 632/1/396 168/1/397
f 632/1/396 633/1/398 168/1/397
f 634/1/380 100/1/399 314/1/400
f 634/1/380 101/1/401 961/1/402
f 101/1/401 635/1/403 961/1/402
f 100/1/399 635/1/403 313/1/404
f 962/1/405 320/1/406 102/1/347
f 664/1/407 102/1/347 29/1/345
f 668/1/408 666/1/409 30/1/410
f 103/1/411 677/1/412 27/1/413
f 320/1/406 964/1/414 103/1/411
f 30/1/410 965/1/415 639/1/416
f 670/1/417 648/1/418 26/1/368
f 29/1/345 967/1/419 664/1/407
f 331/1/364 169/1/420 681/1/421
f 105/1/363 648/1/418 169/1/420
f 169/1/420 29/1/345 110/1/346
f 681/1/421 110/1/346 31/1/342
f 109/1/358 106/1/341 969/1/422
f 645/1/423 106/1/341 323/1/340
f 970/1/424 28/1/425 637/1/426
f 639/1/416 668/1/408 30/1/410
f 26/1/368 975/1/427 670/1/417
f 672/1/428 104/1/333 314/1/400
f 30/1/410 976/1/429 672/1/428
f 313/1/404 977/1/430 100/1/399
f 672/1/428 673/1/431 30/1/410
f 315/1/432 979/1/433 101/1/401
f 28/1/425 980/1/434 665/1/435
f 27/1/413 981/1/436 632/1/396
f 302/1/437 982/1/438 97/1/439
f 982/1/438 31/1/342 649/1/440
f 97/1/439 649/1/440 25/1/441
f 650/1/365 103/1/411 27/1/413
f 32/1/373 983/1/442 650/1/365
f 682/1/372 107/1/348 983/1/442
f 983/1/442 320/1/406 103/1/411
f 984/1/443 32/1/373 111/1/362
f 25/1/441 170/1/444 622/1/445
f 649/1/440 683/1/344 170/1/444
f 683/1/344 680/1/375 170/1/444
f 170/1/444 305/1/446 622/1/445
f 116/1/447 730/1/448 986/1/449
f 989/1/450 35/1/451 728/1/452
f 119/1/453 732/1/454 359/1/455
f 350/1/456 992/1/457 119/1/453
f 712/1/458 120/1/459 992/1/457
f 753/1/460 719/1/461 37/1/462
f 753/1/460 720/1/463 171/1/464
f 720/1/463 699/1/465 171/1/464
f 121/1/466 122/1/467 366/1/468
f 334/1/469 172/1/470 121/1/466
f 113/1/471 751/1/472 172/1/470
f 172/1/470 367/1/473 122/1/467
f 731/1/474 118/1/475 994/1/476
f 118/1/475 702/1/477 994/1/476
f 700/1/478 114/1/479 999/1/480
f 698/1/481 114/1/479 343/1/482
f 740/1/483 115/1/484 1001/1/485
f 115/1/484 707/1/486 1001/1/485
f 35/1/451 173/1/487 713/1/488
f 362/1/489 173/1/487 115/1/484
f 37/1/462 174/1/490 752/1/491
f 719/1/461 718/1/492 174/1/490
f 174/1/490 354/1/493 750/1/494
f 114/1/479 729/1/495 343/1/482
f 114/1/479 119/1/453 1006/1/496
f 359/1/455 1007/1/497 118/1/475
f 36/1/498 1008/1/499 706/1/500
f 733/1/501 120/1/459 1008/1/499
f 717/1/502 722/1/503 36/1/498
f 706/1/500 705/1/504 36/1/498
f 36/1/498 1012/1/505 717/1/502
f 743/1/506 116/1/447 346/1/507
f 332/1/508 175/1/509 689/1/510
f 749/1/511 752/1/491 175/1/509
f 175/1/509 365/1/512 117/1/513
f 689/1/510 117/1/513 336/1/514
f 366/1/468 176/1/515 720/1/463
f 122/1/467 728/1/452 176/1/515
f 713/1/488 728/1/452 35/1/451
f 112/1/516 749/1/511 332/1/508
f 334/1/469 177/1/517 112/1/516
f 177/1/517 366/1/468 753/1/460
f 177/1/517 37/1/462 749/1/511
f 117/1/513 685/1/518 336/1/514
f 117/1/513 754/1/519 1020/1/520
f 1020/1/520 34/1/521 685/1/518
f 67/1/111 755/1/522 224/1/112
f 67/1/111 756/1/523 1021/1/524
f 756/1/523 47/1/525 1021/1/524
f 1021/1/524 1/1/526 755/1/522
f 225/1/150 178/1/527 756/1/523
f 469/1/153 123/1/528 178/1/527
f 178/1/527 189/1/529 397/1/530
f 178/1/527 3/1/531 756/1/523
f 66/1/121 123/1/528 15/1/152
f 223/1/134 1022/1/532 66/1/121
f 1022/1/532 189/1/529 123/1/528
f 755/1/522 46/1/533 1023/1/534
f 1023/1/534 2/1/535 757/1/536
f 550/1/537 124/1/538 1024/1/539
f 1024/1/539 6/1/67 441/1/36
f 556/1/316 124/1/538 267/1/314
f 125/1/540 429/1/541 1025/1/542
f 124/1/538 429/1/541 6/1/67
f 82/1/326 125/1/540 271/1/324
f 82/1/326 759/1/543 1026/1/544
f 759/1/543 60/1/3 1026/1/544
f 1026/1/544 210/1/7 125/1/540
f 474/1/545 126/1/546 231/1/547
f 474/1/545 127/1/548 1028/1/549
f 1028/1/549 204/1/95 126/1/546
f 229/1/550 1029/1/551 127/1/548
f 127/1/548 432/1/552 202/1/553
f 476/1/220 761/1/554 179/1/555
f 179/1/555 10/1/27 439/1/26
f 179/1/555 214/1/556 760/1/557
f 126/1/546 57/1/93 1030/1/558
f 761/1/554 57/1/93 10/1/27
f 622/1/445 762/1/559 25/1/441
f 622/1/445 128/1/560 180/1/561
f 180/1/561 213/1/562 436/1/563
f 305/1/446 181/1/564 128/1/560
f 95/1/374 129/1/565 181/1/564
f 129/1/565 58/1/99 181/1/564
f 128/1/560 58/1/99 213/1/562
f 620/1/566 129/1/565 304/1/567
f 302/1/437 182/1/568 620/1/566
f 763/1/569 435/1/570 182/1/568
f 182/1/568 203/1/571 129/1/565
f 97/1/439 763/1/569 302/1/437
f 25/1/441 1031/1/572 97/1/439
f 1032/1/573 211/1/10 59/1/9
f 764/1/574 59/1/9 5/1/14
f 34/1/521 1033/1/575 765/1/576
f 113/1/471 766/1/577 1033/1/575
f 112/1/516 766/1/577 334/1/469
f 332/1/508 1034/1/578 112/1/516
f 130/1/579 433/1/45 1034/1/578
f 689/1/510 130/1/579 332/1/508
f 1035/1/580 5/1/14 407/1/65
f 130/1/579 407/1/65 4/1/43
f 382/1/581 1038/1/582 133/1/583
f 823/1/584 140/1/585 41/1/586
f 1039/1/587 389/1/588 140/1/585
f 389/1/588 183/1/589 826/1/590
f 791/1/591 131/1/592 183/1/589
f 183/1/589 388/1/593 787/1/594
f 44/1/165 184/1/595 816/1/163
f 798/1/596 134/1/597 184/1/595
f 184/1/595 385/1/598 800/1/599
f 816/1/163 800/1/599 45/1/160
f 790/1/600 803/1/601 39/1/602
f 1046/1/603 384/1/604 132/1/605
f 827/1/606 132/1/605 391/1/607
f 1047/1/608 41/1/586 770/1/609
f 807/1/610 143/1/611 381/1/612
f 143/1/611 780/1/613 384/1/604
f 376/1/614 1050/1/615 137/1/616
f 825/1/617 138/1/618 1050/1/615
f 137/1/616 794/1/619 38/1/620
f 38/1/620 1051/1/621 793/1/622
f 793/1/622 770/1/609 41/1/586
f 42/1/623 1052/1/624 781/1/625
f 792/1/626 808/1/627 38/1/620
f 40/1/628 1052/1/624 792/1/626
f 773/1/629 805/1/630 42/1/623
f 772/1/631 134/1/597 1053/1/632
f 392/1/633 185/1/634 772/1/631
f 136/1/635 1070/1/636 785/1/637
f 385/1/598 185/1/634 785/1/637
f 778/1/638 133/1/583 393/1/639
f 806/1/640 131/1/592 1054/1/641
f 1054/1/641 382/1/581 133/1/583
f 378/1/642 186/1/643 809/1/644
f 377/1/645 186/1/643 821/1/646
f 817/1/647 142/1/648 376/1/614
f 42/1/623 187/1/649 817/1/647
f 142/1/648 805/1/630 386/1/650
f 1056/1/651 43/1/652 814/1/653
f 380/1/654 188/1/655 138/1/618
f 136/1/635 1071/1/656 807/1/610
f 381/1/612 188/1/655 807/1/610
f 39/1/602 1057/1/657 790/1/600
f 43/1/652 1058/1/658 139/1/659
f 139/1/659 798/1/596 44/1/165
f 789/1/660 132/1/605 384/1/604
f 40/1/628 1059/1/661 789/1/660
f 135/1/662 826/1/590 1059/1/661
f 1059/1/661 391/1/607 132/1/605
f 40/1/628 1060/1/663 135/1/662
f 1060/1/663 41/1/586 140/1/585
f 135/1/662 140/1/585 389/1/588
f 817/1/647 808/1/627 42/1/623
f 38/1/620 1061/1/664 137/1/616
f 775/1/665 141/1/666 1064/1/667
f 141/1/666 767/1/668 1064/1/667
f 800/1/599 812/1/669 45/1/160
f 39/1/602 1068/1/670 141/1/666
f 43/1/652 1069/1/671 830/1/672
f 44/1/165 1069/1/671 139/1/659
f 195/1/1 50/1/4 831/1/2
f 50/1/4 196/1/61 445/1/5
f 60/1/3 831/1/2 421/1/6
f 426/1/8 832/1/12 59/1/9
f 426/1/8 219/1/18 62/1/11
f 62/1/11 199/1/24 49/1/13
f 832/1/12 49/1/13 5/1/14
f 197/1/115 65/1/116 833/1/15
f 833/1/15 65/1/116 12/1/16
f 219/1/18 428/1/20 145/1/19
f 428/1/20 11/1/142 444/1/21
f 145/1/19 444/1/21 198/1/22
f 62/1/11 145/1/19 402/1/23
f 13/1/28 63/1/31 835/1/29
f 63/1/31 218/1/673 427/1/32
f 190/1/33 441/1/36 146/1/34
f 441/1/36 6/1/67 51/1/37
f 146/1/34 51/1/37 207/1/38
f 48/1/35 146/1/34 61/1/39
f 193/1/40 61/1/39 836/1/42
f 61/1/39 207/1/38 53/1/41
f 836/1/42 53/1/41 205/1/103
f 4/1/43 399/1/64 837/1/44
f 200/1/674 52/1/46 839/1/48
f 52/1/46 9/1/71 437/1/47
f 839/1/48 437/1/47 8/1/49
f 438/1/54 147/1/56 411/1/675
f 147/1/56 413/1/55 208/1/57
f 411/1/675 147/1/56 440/1/58
f 190/1/33 48/1/35 841/1/60
f 48/1/35 193/1/40 408/1/59
f 403/1/62 841/1/60 50/1/4
f 4/1/43 407/1/65 842/1/63
f 407/1/65 5/1/14 49/1/13
f 842/1/63 49/1/13 199/1/24
f 51/1/37 843/1/68 409/1/66
f 6/1/67 410/1/676 843/1/68
f 844/1/69 415/1/50 8/1/49
f 9/1/71 52/1/46 845/1/72
f 52/1/46 200/1/674 417/1/74
f 8/1/49 437/1/47 846/1/75
f 9/1/71 64/1/77 846/1/75
f 467/1/76 846/1/75 64/1/77
f 419/1/25 10/1/27 420/1/94
f 54/1/81 847/1/80 421/1/6
f 423/1/30 213/1/562 55/1/84
f 55/1/84 214/1/556 424/1/86
f 211/1/10 56/1/87 849/1/88
f 56/1/87 212/1/677 427/1/32
f 12/1/16 449/1/91 148/1/89
f 226/1/90 471/1/92 148/1/89
f 471/1/92 216/1/79 54/1/81
f 148/1/89 54/1/81 215/1/82
f 57/1/93 850/1/96 420/1/94
f 410/1/676 6/1/67 429/1/541
f 430/1/97 212/1/677 56/1/87
f 851/1/98 56/1/87 211/1/10
f 214/1/556 55/1/84 852/1/100
f 55/1/84 213/1/562 58/1/99
f 852/1/100 58/1/99 203/1/571
f 71/1/101 853/1/678 442/1/102
f 458/1/104 853/1/678 71/1/101
f 456/1/106 149/1/110 462/1/107
f 456/1/106 226/1/90 72/1/109
f 72/1/109 225/1/150 67/1/111
f 462/1/107 149/1/110 67/1/111
f 12/1/16 65/1/116 854/1/113
f 7/1/53 450/1/52 855/1/117
f 221/1/132 70/1/118 855/1/117
f 74/1/119 856/1/122 453/1/120
f 74/1/119 223/1/134 66/1/121
f 66/1/121 15/1/152 465/1/123
f 464/1/124 857/1/125 71/1/101
f 465/1/123 15/1/152 452/1/679
f 406/1/126 198/1/22 69/1/127
f 69/1/127 14/1/144 460/1/129
f 443/1/131 7/1/53 70/1/118
f 860/1/130 70/1/118 221/1/132
f 74/1/119 860/1/130 68/1/133
f 218/1/673 63/1/31 861/1/135
f 13/1/28 463/1/137 861/1/135
f 217/1/155 73/1/138 862/1/139
f 73/1/138 226/1/90 456/1/106
f 467/1/76 150/1/140 412/1/70
f 228/1/78 453/1/120 150/1/140
f 150/1/140 466/1/141 208/1/57
f 444/1/21 864/1/143 69/1/127
f 11/1/142 75/1/145 864/1/143
f 14/1/144 69/1/127 864/1/143
f 461/1/146 151/1/147 75/1/145
f 461/1/146 16/1/108 462/1/107
f 151/1/147 462/1/107 224/1/112
f 75/1/145 151/1/147 454/1/148
f 449/1/91 865/1/680 72/1/109
f 449/1/91 12/1/16 468/1/114
f 72/1/109 865/1/680 455/1/149
f 866/1/151 452/1/679 15/1/152
f 14/1/144 454/1/148 867/1/154
f 460/1/129 867/1/154 68/1/133
f 73/1/138 868/1/156 471/1/92
f 472/1/136 16/1/108 461/1/146
f 869/1/157 461/1/146 11/1/142
f 416/1/73 152/1/158 64/1/77
f 152/1/158 447/1/51 7/1/53
f 64/1/77 152/1/158 443/1/131
f 464/1/124 205/1/103 53/1/41
f 870/1/159 53/1/41 207/1/38
f 814/1/653 43/1/652 830/1/672
f 45/1/160 812/1/669 872/1/161
f 144/1/162 872/1/161 402/1/23
f 816/1/163 45/1/160 144/1/162
f 873/1/166 144/1/162 198/1/22
f 17/1/167 518/1/681 874/1/168
f 478/1/682 18/1/170 517/1/172
f 18/1/170 76/1/173 879/1/171
f 76/1/173 234/1/189 519/1/174
f 518/1/681 17/1/167 475/1/193
f 548/1/175 153/1/179 78/1/176
f 78/1/176 153/1/179 490/1/180
f 546/1/183 883/1/186 81/1/184
f 76/1/173 886/1/191 485/1/188
f 76/1/173 18/1/170 487/1/190
f 17/1/167 486/1/182 887/1/192
f 18/1/170 478/1/682 888/1/194
f 494/1/195 154/1/197 493/1/683
f 493/1/683 154/1/197 496/1/198
f 248/1/207 77/1/201 893/1/200
f 263/1/177 78/1/176 896/1/202
f 78/1/176 240/1/181 511/1/204
f 80/1/203 896/1/202 545/1/205
f 77/1/201 901/1/208 534/1/209
f 544/1/210 263/1/177 80/1/203
f 911/1/211 80/1/203 264/1/206
f 480/1/213 911/1/211 79/1/212
f 512/1/178 155/1/215 505/1/218
f 265/1/185 81/1/184 155/1/215
f 81/1/184 266/1/187 521/1/216
f 155/1/215 521/1/216 250/1/217
f 233/1/214 79/1/212 156/1/219
f 79/1/212 264/1/206 549/1/221
f 156/1/219 547/1/222 232/1/223
f 19/1/224 89/1/228 913/1/225
f 554/1/684 20/1/238 590/1/240
f 916/1/230 577/1/284 23/1/232
f 287/1/280 85/1/235 917/1/237
f 85/1/235 22/1/286 593/1/236
f 20/1/238 552/1/685 918/1/239
f 570/1/241 281/1/227 89/1/228
f 89/1/228 19/1/224 551/1/243
f 596/1/244 920/1/247 90/1/245
f 618/1/248 921/1/252 87/1/249
f 618/1/248 300/1/322 88/1/251
f 88/1/251 282/1/321 83/1/253
f 87/1/249 921/1/252 83/1/253
f 922/1/256 560/1/259 21/1/257
f 557/1/258 157/1/260 559/1/264
f 557/1/258 21/1/257 560/1/259
f 157/1/260 560/1/259 275/1/261
f 157/1/260 558/1/262 274/1/263
f 552/1/685 20/1/238 563/1/267
f 19/1/224 562/1/255 926/1/265
f 926/1/265 562/1/255 21/1/257
f 20/1/238 554/1/684 927/1/266
f 83/1/253 928/1/270 565/1/268
f 83/1/253 282/1/321 566/1/269
f 568/1/271 929/1/686 84/1/272
f 84/1/272 929/1/686 570/1/241
f 603/1/275 930/1/279 92/1/276
f 573/1/278 22/1/286 85/1/235
f 92/1/276 930/1/279 85/1/235
f 602/1/281 931/1/687 93/1/282
f 576/1/688 23/1/232 577/1/284
f 93/1/282 931/1/687 577/1/284
f 579/1/288 158/1/287 611/1/689
f 22/1/286 573/1/278 158/1/287
f 295/1/289 611/1/689 158/1/287
f 294/1/277 92/1/276 934/1/290
f 298/1/250 87/1/249 935/1/292
f 87/1/249 277/1/254 584/1/291
f 567/1/293 159/1/294 594/1/297
f 159/1/294 596/1/244 292/1/246
f 159/1/294 598/1/295 290/1/296
f 292/1/246 90/1/245 936/1/298
f 90/1/245 293/1/234 592/1/233
f 587/1/300 291/1/229 91/1/231
f 91/1/231 293/1/234 597/1/302
f 86/1/305 938/1/304 587/1/300
f 86/1/305 160/1/308 605/1/307
f 288/1/306 571/1/309 160/1/308
f 294/1/277 605/1/307 160/1/308
f 284/1/285 580/1/690 161/1/310
f 606/1/311 161/1/310 580/1/690
f 296/1/283 93/1/282 161/1/310
f 279/1/273 84/1/272 942/1/312
f 23/1/232 576/1/688 943/1/313
f 267/1/314 612/1/317 162/1/315
f 162/1/315 616/1/318 299/1/319
f 556/1/316 162/1/315 585/1/320
f 88/1/251 947/1/323 579/1/288
f 24/1/328 656/1/691 950/1/329
f 651/1/332 314/1/400 104/1/333
f 104/1/333 318/1/338 108/1/335
f 663/1/336 951/1/334 108/1/335
f 325/1/337 108/1/335 953/1/339
f 953/1/339 106/1/341 327/1/361
f 31/1/342 110/1/346 163/1/343
f 29/1/345 102/1/347 163/1/343
f 102/1/347 320/1/406 107/1/348
f 163/1/343 107/1/348 33/1/349
f 655/1/352 164/1/351 640/1/356
f 306/1/350 94/1/353 164/1/351
f 94/1/353 307/1/331 657/1/354
f 164/1/351 657/1/354 322/1/355
f 656/1/691 24/1/328 621/1/393
f 659/1/357 955/1/360 109/1/358
f 643/1/692 28/1/425 660/1/693
f 111/1/362 165/1/366 105/1/363
f 111/1/362 32/1/373 650/1/365
f 650/1/365 27/1/413 99/1/367
f 105/1/363 165/1/366 99/1/367
f 96/1/330 956/1/370 628/1/369
f 304/1/567 95/1/374 957/1/376
f 95/1/374 305/1/446 680/1/375
f 957/1/376 680/1/375 33/1/349
f 661/1/377 166/1/379 651/1/332
f 651/1/332 166/1/379 634/1/380
f 98/1/381 167/1/385 625/1/382
f 98/1/381 309/1/394 626/1/384
f 167/1/385 626/1/384 311/1/386
f 167/1/385 624/1/387 310/1/388
f 94/1/353 958/1/391 627/1/389
f 94/1/353 306/1/350 629/1/390
f 24/1/328 628/1/369 959/1/392
f 959/1/392 98/1/381 308/1/383
f 99/1/367 168/1/397 631/1/395
f 99/1/367 27/1/413 632/1/396
f 631/1/395 168/1/397 633/1/398
f 634/1/380 961/1/402 100/1/399
f 634/1/380 315/1/432 101/1/401
f 101/1/401 316/1/694 635/1/403
f 100/1/399 961/1/402 635/1/403
f 664/1/407 962/1/405 102/1/347
f 103/1/411 964/1/414 677/1/412
f 30/1/410 673/1/431 965/1/415
f 29/1/345 648/1/418 967/1/419
f 331/1/364 105/1/363 169/1/420
f 105/1/363 26/1/368 648/1/418
f 169/1/420 648/1/418 29/1/345
f 681/1/421 169/1/420 110/1/346
f 326/1/359 109/1/358 969/1/422
f 109/1/358 327/1/361 106/1/341
f 645/1/423 969/1/422 106/1/341
f 970/1/424 660/1/693 28/1/425
f 637/1/426 28/1/425 665/1/435
f 26/1/368 631/1/395 975/1/427
f 318/1/338 104/1/333 976/1/429
f 672/1/428 976/1/429 104/1/333
f 30/1/410 666/1/409 976/1/429
f 314/1/400 100/1/399 977/1/430
f 316/1/694 101/1/401 979/1/433
f 28/1/425 643/1/692 980/1/434
f 27/1/413 677/1/412 981/1/436
f 982/1/438 681/1/421 31/1/342
f 97/1/439 982/1/438 649/1/440
f 650/1/365 983/1/442 103/1/411
f 32/1/373 682/1/372 983/1/442
f 682/1/372 33/1/349 107/1/348
f 983/1/442 107/1/348 320/1/406
f 984/1/443 679/1/371 32/1/373
f 984/1/443 111/1/362 331/1/364
f 25/1/441 649/1/440 170/1/444
f 649/1/440 31/1/342 683/1/344
f 683/1/344 33/1/349 680/1/375
f 170/1/444 680/1/375 305/1/446
f 346/1/507 116/1/447 986/1/449
f 116/1/447 351/1/695 730/1/448
f 989/1/450 707/1/486 35/1/451
f 119/1/453 992/1/457 732/1/454
f 712/1/458 353/1/696 120/1/459
f 992/1/457 120/1/459 360/1/697
f 753/1/460 171/1/464 719/1/461
f 719/1/461 171/1/464 699/1/465
f 121/1/466 172/1/470 122/1/467
f 334/1/469 113/1/471 172/1/470
f 113/1/471 34/1/521 751/1/472
f 172/1/470 751/1/472 367/1/473
f 731/1/474 359/1/455 118/1/475
f 118/1/475 347/1/698 702/1/477
f 700/1/478 350/1/456 114/1/479
f 698/1/481 999/1/480 114/1/479
f 740/1/483 362/1/489 115/1/484
f 115/1/484 35/1/451 707/1/486
f 713/1/488 173/1/487 748/1/699
f 35/1/451 115/1/484 173/1/487
f 362/1/489 748/1/699 173/1/487
f 37/1/462 719/1/461 174/1/490
f 174/1/490 718/1/492 354/1/493
f 752/1/491 174/1/490 750/1/494
f 114/1/479 1006/1/496 729/1/495
f 114/1/479 350/1/456 119/1/453
f 1006/1/496 119/1/453 359/1/455
f 347/1/698 118/1/475 1007/1/497
f 36/1/498 722/1/503 1008/1/499
f 733/1/501 360/1/697 120/1/459
f 1008/1/499 120/1/459 353/1/696
f 36/1/498 705/1/504 1012/1/505
f 351/1/695 116/1/447 1014/1/700
f 743/1/506 1014/1/700 116/1/447
f 332/1/508 749/1/511 175/1/509
f 749/1/511 37/1/462 752/1/491
f 175/1/509 752/1/491 365/1/512
f 689/1/510 175/1/509 117/1/513
f 720/1/463 176/1/515 713/1/488
f 366/1/468 122/1/467 176/1/515
f 122/1/467 367/1/473 728/1/452
f 713/1/488 176/1/515 728/1/452
f 112/1/516 177/1/517 749/1/511
f 334/1/469 121/1/466 177/1/517
f 177/1/517 121/1/466 366/1/468
f 177/1/517 753/1/460 37/1/462
f 117/1/513 1020/1/520 685/1/518
f 117/1/513 365/1/512 754/1/519
f 1020/1/520 751/1/472 34/1/521
f 67/1/111 1021/1/524 755/1/522
f 67/1/111 225/1/150 756/1/523
f 756/1/523 3/1/531 47/1/525
f 1021/1/524 47/1/525 1/1/526
f 225/1/150 469/1/153 178/1/527
f 469/1/153 15/1/152 123/1/528
f 178/1/527 123/1/528 189/1/529
f 178/1/527 397/1/530 3/1/531
f 66/1/121 1022/1/532 123/1/528
f 757/1/536 2/1/535 396/1/701
f 755/1/522 1/1/526 46/1/533
f 1023/1/534 46/1/533 2/1/535
f 550/1/537 267/1/314 124/1/538
f 1024/1/539 124/1/538 6/1/67
f 556/1/316 1025/1/542 124/1/538
f 271/1/324 125/1/540 1025/1/542
f 125/1/540 210/1/7 429/1/541
f 124/1/538 1025/1/542 429/1/541
f 82/1/326 1026/1/544 125/1/540
f 82/1/326 270/1/327 759/1/543
f 759/1/543 195/1/1 60/1/3
f 1026/1/544 60/1/3 210/1/7
f 474/1/545 1028/1/549 126/1/546
f 474/1/545 229/1/550 127/1/548
f 1028/1/549 127/1/548 202/1/553
f 127/1/548 1029/1/551 432/1/552
f 476/1/220 179/1/555 760/1/557
f 179/1/555 761/1/554 10/1/27
f 179/1/555 439/1/26 214/1/556
f 231/1/547 126/1/546 1030/1/558
f 126/1/546 204/1/95 57/1/93
f 761/1/554 1030/1/558 57/1/93
f 622/1/445 180/1/561 762/1/559
f 622/1/445 305/1/446 128/1/560
f 180/1/561 128/1/560 213/1/562
f 762/1/559 180/1/561 436/1/563
f 305/1/446 95/1/374 181/1/564
f 95/1/374 304/1/567 129/1/565
f 129/1/565 203/1/571 58/1/99
f 128/1/560 181/1/564 58/1/99
f 620/1/566 182/1/568 129/1/565
f 302/1/437 763/1/569 182/1/568
f 182/1/568 435/1/570 203/1/571
f 97/1/439 1031/1/572 763/1/569
f 25/1/441 762/1/559 1031/1/572
f 685/1/518 34/1/521 765/1/576
f 764/1/574 1032/1/573 59/1/9
f 34/1/521 113/1/471 1033/1/575
f 113/1/471 334/1/469 766/1/577
f 112/1/516 1034/1/578 766/1/577
f 332/1/508 130/1/579 1034/1/578
f 130/1/579 4/1/43 433/1/45
f 689/1/510 1035/1/580 130/1/579
f 1035/1/580 764/1/574 5/1/14
f 130/1/579 1035/1/580 407/1/65
f 393/1/639 133/1/583 1038/1/582
f 823/1/584 1039/1/587 140/1/585
f 389/1/588 791/1/591 183/1/589
f 791/1/591 382/1/581 131/1/592
f 183/1/589 131/1/592 388/1/593
f 826/1/590 183/1/589 787/1/594
f 44/1/165 798/1/596 184/1/595
f 798/1/596 386/1/650 134/1/597
f 184/1/595 134/1/597 385/1/598
f 816/1/163 184/1/595 800/1/599
f 381/1/612 143/1/611 1046/1/603
f 1046/1/603 143/1/611 384/1/604
f 827/1/606 1046/1/603 132/1/605
f 774/1/702 39/1/602 775/1/665
f 1047/1/608 823/1/584 41/1/586
f 807/1/610 1049/1/703 143/1/611
f 143/1/611 1049/1/703 780/1/613
f 825/1/617 380/1/654 138/1/618
f 1050/1/615 138/1/618 381/1/612
f 137/1/616 1050/1/615 794/1/619
f 38/1/620 794/1/619 1051/1/621
f 42/1/623 808/1/627 1052/1/624
f 40/1/628 781/1/625 1052/1/624
f 772/1/631 385/1/598 134/1/597
f 1053/1/632 134/1/597 386/1/650
f 392/1/633 136/1/635 185/1/634
f 785/1/637 185/1/634 136/1/635
f 385/1/598 772/1/631 185/1/634
f 778/1/638 1054/1/641 133/1/583
f 806/1/640 388/1/593 131/1/592
f 1054/1/641 131/1/592 382/1/581
f 809/1/644 186/1/643 783/1/704
f 378/1/642 821/1/646 186/1/643
f 377/1/645 783/1/704 186/1/643
f 817/1/647 187/1/649 142/1/648
f 42/1/623 805/1/630 187/1/649
f 142/1/648 187/1/649 805/1/630
f 1056/1/651 768/1/705 43/1/652
f 380/1/654 136/1/635 188/1/655
f 807/1/610 188/1/655 136/1/635
f 381/1/612 138/1/618 188/1/655
f 39/1/602 774/1/702 1057/1/657
f 43/1/652 768/1/705 1058/1/658
f 376/1/614 142/1/648 1058/1/658
f 1058/1/658 142/1/648 386/1/650
f 139/1/659 1058/1/658 798/1/596
f 789/1/660 1059/1/661 132/1/605
f 40/1/628 135/1/662 1059/1/661
f 135/1/662 389/1/588 826/1/590
f 40/1/628 792/1/626 1060/1/663
f 792/1/626 38/1/620 793/1/622
f 1060/1/663 793/1/622 41/1/586
f 135/1/662 1060/1/663 140/1/585
f 376/1/614 137/1/616 1061/1/664
f 38/1/620 808/1/627 1061/1/664
f 773/1/629 42/1/623 781/1/625
f 781/1/625 40/1/628 789/1/660
f 775/1/665 39/1/602 141/1/666
f 141/1/666 379/1/706 767/1/668
f 39/1/602 803/1/601 1068/1/670
f 379/1/706 141/1/666 1068/1/670
f 43/1/652 139/1/659 1069/1/671
f 44/1/165 828/1/164 1069/1/671
f 831/1/2 215/1/82 421/1/6
f 401/1/707 445/1/5 196/1/61
f 197/1/115 833/1/15 401/1/707
f 445/1/5 448/1/17 215/1/82
f 419/1/25 446/1/708 834/1/709
f 834/1/709 217/1/155 424/1/86
f 439/1/26 424/1/86 214/1/556
f 423/1/30 436/1/563 213/1/562
f 835/1/29 212/1/677 436/1/563
f 193/1/40 836/1/42 398/1/710
f 836/1/42 205/1/103 442/1/102
f 398/1/710 442/1/102 191/1/711
f 433/1/45 418/1/712 201/1/713
f 837/1/44 194/1/714 434/1/715
f 837/1/44 209/1/716 418/1/712
f 398/1/710 408/1/59 193/1/40
f 191/1/711 838/1/717 398/1/710
f 404/1/718 401/1/707 838/1/717
f 838/1/717 196/1/61 408/1/59
f 435/1/570 415/1/50 203/1/571
f 200/1/674 839/1/48 435/1/570
f 209/1/716 840/1/719 447/1/51
f 434/1/715 400/1/720 840/1/719
f 400/1/720 450/1/52 840/1/719
f 438/1/54 411/1/675 204/1/95
f 411/1/675 440/1/58 206/1/721
f 190/1/33 841/1/60 403/1/62
f 399/1/64 405/1/722 194/1/714
f 842/1/63 199/1/24 405/1/722
f 410/1/676 411/1/675 843/1/68
f 843/1/68 206/1/721 409/1/66
f 413/1/55 412/1/70 208/1/57
f 202/1/553 844/1/69 413/1/55
f 414/1/723 415/1/50 844/1/69
f 845/1/72 201/1/713 418/1/712
f 416/1/73 418/1/712 209/1/716
f 419/1/25 420/1/94 847/1/80
f 847/1/80 210/1/7 421/1/6
f 422/1/83 424/1/86 217/1/155
f 219/1/18 849/1/88 425/1/724
f 211/1/10 849/1/88 426/1/8
f 849/1/88 218/1/673 425/1/724
f 410/1/676 429/1/541 850/1/96
f 420/1/94 429/1/541 210/1/7
f 200/1/674 851/1/98 417/1/74
f 851/1/98 211/1/10 431/1/725
f 417/1/74 431/1/725 201/1/713
f 432/1/552 414/1/723 202/1/553
f 214/1/556 852/1/100 432/1/552
f 852/1/100 203/1/571 414/1/723
f 191/1/711 853/1/678 458/1/104
f 222/1/726 854/1/113 457/1/727
f 459/1/728 450/1/52 192/1/729
f 221/1/132 855/1/117 459/1/728
f 453/1/120 465/1/123 227/1/730
f 227/1/730 857/1/125 464/1/124
f 465/1/123 452/1/679 857/1/125
f 197/1/115 858/1/731 457/1/727
f 404/1/718 458/1/104 858/1/731
f 858/1/731 220/1/105 451/1/732
f 457/1/727 451/1/732 222/1/726
f 406/1/126 459/1/728 192/1/729
f 859/1/128 221/1/132 459/1/728
f 218/1/673 861/1/135 472/1/136
f 217/1/155 862/1/139 422/1/83
f 206/1/721 863/1/733 473/1/734
f 466/1/141 440/1/58 208/1/57
f 473/1/734 466/1/141 227/1/730
f 449/1/91 468/1/114 865/1/680
f 865/1/680 222/1/726 455/1/149
f 222/1/726 866/1/151 455/1/149
f 451/1/732 452/1/679 866/1/151
f 455/1/149 469/1/153 225/1/150
f 454/1/148 470/1/735 867/1/154
f 216/1/79 868/1/156 446/1/708
f 218/1/673 869/1/157 425/1/724
f 472/1/136 461/1/146 869/1/157
f 425/1/724 428/1/20 219/1/18
f 473/1/734 409/1/66 206/1/721
f 227/1/730 870/1/159 473/1/734
f 870/1/159 207/1/38 409/1/66
f 395/1/736 871/1/737 829/1/738
f 814/1/653 830/1/672 871/1/737
f 871/1/737 194/1/714 405/1/722
f 829/1/738 405/1/722 199/1/24
f 812/1/669 829/1/738 872/1/161
f 872/1/161 199/1/24 402/1/23
f 873/1/166 198/1/22 406/1/126
f 828/1/164 406/1/126 192/1/729
f 244/1/739 874/1/168 518/1/681
f 509/1/740 519/1/174 874/1/168
f 479/1/169 519/1/174 234/1/189
f 255/1/741 875/1/742 529/1/743
f 242/1/744 875/1/742 513/1/745
f 506/1/746 523/1/747 875/1/742
f 529/1/743 523/1/747 256/1/748
f 241/1/749 876/1/750 507/1/751
f 230/1/752 876/1/750 516/1/753
f 478/1/682 517/1/172 876/1/750
f 507/1/751 517/1/172 248/1/207
f 256/1/748 877/1/754 528/1/755
f 247/1/756 877/1/754 523/1/747
f 877/1/754 254/1/757 520/1/758
f 877/1/754 258/1/759 528/1/755
f 264/1/206 878/1/760 549/1/221
f 251/1/761 878/1/760 545/1/205
f 500/1/762 521/1/216 878/1/760
f 878/1/760 266/1/187 549/1/221
f 517/1/172 501/1/763 248/1/207
f 879/1/171 253/1/764 501/1/763
f 496/1/198 516/1/753 241/1/749
f 496/1/198 518/1/681 880/1/765
f 518/1/681 475/1/193 880/1/765
f 516/1/753 475/1/193 230/1/752
f 524/1/766 527/1/767 257/1/768
f 246/1/769 881/1/770 524/1/766
f 504/1/771 525/1/772 881/1/770
f 881/1/770 258/1/759 527/1/767
f 234/1/189 882/1/773 479/1/169
f 485/1/188 484/1/774 882/1/773
f 882/1/773 236/1/775 486/1/182
f 231/1/547 883/1/186 546/1/183
f 477/1/776 547/1/222 883/1/186
f 526/1/777 513/1/745 255/1/741
f 526/1/777 515/1/778 884/1/779
f 515/1/778 494/1/195 884/1/779
f 513/1/745 494/1/195 242/1/744
f 481/1/780 483/1/781 235/1/782
f 481/1/780 484/1/774 885/1/783
f 885/1/783 238/1/784 482/1/785
f 885/1/783 237/1/786 483/1/781
f 886/1/191 237/1/786 482/1/785
f 886/1/191 238/1/784 485/1/188
f 230/1/752 887/1/192 488/1/787
f 887/1/192 236/1/775 481/1/780
f 887/1/192 235/1/782 488/1/787
f 478/1/682 488/1/787 888/1/194
f 888/1/194 235/1/782 483/1/781
f 487/1/190 483/1/781 237/1/786
f 490/1/180 489/1/788 240/1/181
f 490/1/180 491/1/789 889/1/790
f 491/1/789 492/1/791 889/1/790
f 489/1/788 492/1/791 239/1/792
f 494/1/195 493/1/683 242/1/744
f 493/1/683 496/1/198 241/1/749
f 535/1/793 530/1/794 259/1/795
f 535/1/793 499/1/796 890/1/797
f 499/1/796 500/1/762 890/1/797
f 530/1/794 500/1/762 251/1/761
f 534/1/209 532/1/798 261/1/199
f 534/1/209 502/1/799 891/1/800
f 502/1/799 503/1/801 891/1/800
f 532/1/798 503/1/801 247/1/756
f 505/1/218 543/1/802 245/1/803
f 250/1/217 892/1/804 505/1/218
f 260/1/805 892/1/804 499/1/796
f 507/1/751 539/1/806 241/1/749
f 248/1/207 893/1/200 507/1/751
f 540/1/807 509/1/740 244/1/739
f 262/1/808 894/1/809 540/1/807
f 253/1/764 894/1/809 533/1/810
f 536/1/811 511/1/204 240/1/181
f 259/1/795 895/1/812 536/1/811
f 251/1/761 895/1/812 530/1/794
f 896/1/202 251/1/761 545/1/205
f 492/1/791 522/1/813 239/1/792
f 492/1/791 524/1/766 897/1/814
f 897/1/814 257/1/768 526/1/777
f 897/1/814 255/1/741 522/1/813
f 243/1/815 898/1/816 508/1/817
f 257/1/768 898/1/816 515/1/778
f 527/1/767 520/1/758 898/1/816
f 508/1/817 520/1/758 254/1/757
f 252/1/818 899/1/819 498/1/820
f 514/1/821 528/1/755 899/1/819
f 528/1/755 525/1/772 899/1/819
f 899/1/819 249/1/822 498/1/820
f 239/1/792 900/1/823 510/1/824
f 522/1/813 529/1/743 900/1/823
f 900/1/823 256/1/748 514/1/821
f 510/1/824 514/1/821 252/1/818
f 501/1/763 533/1/810 901/1/208
f 533/1/810 534/1/209 901/1/208
f 498/1/820 497/1/825 252/1/818
f 498/1/820 531/1/826 902/1/827
f 531/1/826 535/1/793 902/1/827
f 497/1/825 535/1/793 259/1/795
f 510/1/824 537/1/828 239/1/792
f 252/1/818 903/1/829 510/1/824
f 259/1/795 903/1/829 497/1/825
f 240/1/181 904/1/830 536/1/811
f 239/1/792 904/1/830 489/1/788
f 536/1/811 537/1/828 259/1/795
f 247/1/756 905/1/831 532/1/798
f 538/1/832 506/1/746 242/1/744
f 261/1/199 905/1/831 538/1/832
f 242/1/744 906/1/833 538/1/832
f 241/1/749 906/1/833 493/1/683
f 538/1/832 539/1/806 261/1/199
f 508/1/817 541/1/834 243/1/815
f 254/1/757 907/1/835 508/1/817
f 262/1/808 907/1/835 502/1/799
f 244/1/739 908/1/836 540/1/807
f 243/1/815 908/1/836 495/1/196
f 540/1/807 541/1/834 262/1/808
f 249/1/822 909/1/837 531/1/826
f 542/1/838 504/1/771 246/1/769
f 260/1/805 909/1/837 542/1/838
f 246/1/769 910/1/839 542/1/838
f 245/1/803 910/1/839 491/1/789
f 542/1/838 543/1/802 260/1/805
f 229/1/550 911/1/211 480/1/213
f 512/1/178 505/1/218 245/1/803
f 474/1/545 544/1/210 229/1/550
f 231/1/547 912/1/840 474/1/545
f 912/1/840 265/1/185 548/1/175
f 912/1/840 263/1/177 544/1/210
f 583/1/841 591/1/842 913/1/225
f 555/1/226 591/1/842 272/1/843
f 290/1/296 914/1/844 599/1/845
f 279/1/273 914/1/844 586/1/846
f 580/1/690 595/1/847 914/1/844
f 599/1/845 595/1/847 291/1/229
f 278/1/274 915/1/848 581/1/849
f 268/1/850 915/1/848 589/1/851
f 554/1/684 590/1/240 915/1/848
f 581/1/849 590/1/240 285/1/852
f 284/1/285 916/1/230 595/1/847
f 613/1/853 619/1/854 299/1/319
f 287/1/280 917/1/237 613/1/853
f 917/1/237 301/1/855 619/1/854
f 590/1/240 575/1/856 285/1/852
f 552/1/685 591/1/842 918/1/239
f 918/1/239 289/1/857 575/1/856
f 570/1/241 589/1/851 278/1/274
f 589/1/851 551/1/243 268/1/850
f 283/1/858 920/1/247 596/1/244
f 578/1/859 597/1/302 920/1/247
f 272/1/843 922/1/256 555/1/226
f 561/1/860 560/1/259 922/1/256
f 614/1/861 617/1/862 300/1/322
f 269/1/863 923/1/864 614/1/861
f 553/1/865 615/1/866 923/1/864
f 923/1/864 301/1/855 617/1/862
f 598/1/295 586/1/846 290/1/296
f 598/1/295 588/1/867 924/1/868
f 588/1/867 568/1/271 924/1/868
f 586/1/846 568/1/271 279/1/273
f 557/1/258 559/1/264 273/1/869
f 552/1/685 561/1/860 272/1/843
f 552/1/685 563/1/267 925/1/870
f 925/1/870 274/1/263 558/1/262
f 925/1/870 275/1/261 561/1/860
f 268/1/850 926/1/265 564/1/871
f 926/1/265 273/1/869 564/1/871
f 554/1/684 564/1/871 927/1/266
f 927/1/266 273/1/869 559/1/264
f 563/1/267 559/1/264 274/1/263
f 566/1/269 567/1/293 928/1/270
f 565/1/268 567/1/293 276/1/303
f 568/1/271 569/1/872 929/1/686
f 569/1/872 570/1/241 929/1/686
f 603/1/275 573/1/278 930/1/279
f 602/1/281 576/1/688 931/1/687
f 576/1/688 577/1/284 931/1/687
f 579/1/288 611/1/689 282/1/321
f 581/1/849 607/1/873 278/1/274
f 285/1/852 932/1/874 581/1/849
f 296/1/283 932/1/874 574/1/875
f 608/1/876 583/1/841 281/1/227
f 297/1/877 933/1/878 608/1/876
f 289/1/857 933/1/878 601/1/879
f 604/1/880 584/1/291 277/1/254
f 294/1/277 934/1/290 604/1/880
f 298/1/250 935/1/292 616/1/318
f 935/1/292 287/1/280 613/1/853
f 616/1/318 613/1/853 299/1/319
f 567/1/293 594/1/297 276/1/303
f 280/1/881 936/1/298 582/1/299
f 292/1/246 936/1/298 588/1/867
f 288/1/306 937/1/301 572/1/882
f 937/1/301 286/1/883 572/1/882
f 594/1/297 599/1/845 938/1/304
f 938/1/304 291/1/229 587/1/300
f 575/1/856 574/1/875 285/1/852
f 575/1/856 601/1/879 939/1/884
f 601/1/879 602/1/281 939/1/884
f 574/1/875 602/1/281 296/1/283
f 572/1/882 571/1/309 288/1/306
f 572/1/882 600/1/885 940/1/886
f 600/1/885 603/1/275 940/1/886
f 571/1/309 603/1/275 294/1/277
f 277/1/254 941/1/887 604/1/880
f 276/1/303 941/1/887 565/1/268
f 604/1/880 605/1/307 294/1/277
f 606/1/311 580/1/690 279/1/273
f 279/1/273 942/1/312 606/1/311
f 606/1/311 607/1/873 296/1/283
f 582/1/299 609/1/888 280/1/881
f 297/1/877 943/1/313 576/1/688
f 281/1/227 944/1/889 608/1/876
f 280/1/881 944/1/889 569/1/872
f 608/1/876 609/1/888 297/1/877
f 286/1/883 945/1/890 600/1/885
f 610/1/891 578/1/859 283/1/858
f 295/1/289 945/1/890 610/1/891
f 283/1/858 946/1/892 610/1/891
f 282/1/321 946/1/892 566/1/269
f 610/1/891 611/1/689 295/1/289
f 556/1/316 585/1/320 271/1/324
f 617/1/862 593/1/236 947/1/323
f 550/1/537 612/1/317 267/1/314
f 550/1/537 614/1/861 948/1/893
f 948/1/893 300/1/322 618/1/248
f 948/1/893 298/1/250 612/1/317
f 299/1/319 949/1/325 585/1/320
f 619/1/854 615/1/866 949/1/325
f 316/1/694 950/1/329 656/1/691
f 646/1/894 657/1/354 950/1/329
f 324/1/895 951/1/334 663/1/336
f 313/1/404 952/1/896 644/1/897
f 303/1/898 952/1/896 654/1/899
f 952/1/896 306/1/350 655/1/352
f 644/1/897 655/1/352 319/1/900
f 325/1/337 953/1/339 662/1/901
f 953/1/339 327/1/361 662/1/901
f 655/1/352 640/1/356 319/1/900
f 635/1/403 654/1/899 313/1/404
f 635/1/403 656/1/691 954/1/902
f 656/1/691 621/1/393 954/1/902
f 654/1/899 621/1/393 303/1/898
f 317/1/903 955/1/360 659/1/357
f 643/1/692 660/1/693 955/1/360
f 627/1/389 626/1/384 956/1/370
f 956/1/370 309/1/394 628/1/369
f 304/1/567 957/1/376 679/1/371
f 661/1/377 651/1/332 324/1/895
f 651/1/332 634/1/380 314/1/400
f 958/1/391 310/1/388 624/1/387
f 958/1/391 311/1/386 627/1/389
f 303/1/898 959/1/392 630/1/904
f 959/1/392 308/1/383 630/1/904
f 306/1/350 960/1/905 629/1/390
f 623/1/906 630/1/904 960/1/905
f 960/1/905 308/1/383 625/1/382
f 629/1/390 625/1/382 310/1/388
f 631/1/395 633/1/398 312/1/907
f 669/1/908 664/1/407 328/1/909
f 669/1/908 638/1/910 962/1/405
f 668/1/408 641/1/911 963/1/912
f 963/1/912 323/1/340 642/1/913
f 963/1/912 318/1/338 666/1/409
f 329/1/914 964/1/414 638/1/910
f 644/1/897 673/1/431 313/1/404
f 319/1/900 965/1/415 644/1/897
f 674/1/915 646/1/894 316/1/694
f 330/1/916 966/1/917 674/1/915
f 322/1/355 966/1/917 667/1/918
f 328/1/909 967/1/419 670/1/417
f 633/1/398 658/1/919 312/1/907
f 633/1/398 659/1/357 968/1/920
f 968/1/920 326/1/359 661/1/377
f 968/1/920 324/1/895 658/1/919
f 653/1/378 645/1/423 315/1/432
f 326/1/359 969/1/422 653/1/378
f 321/1/921 970/1/424 637/1/426
f 652/1/922 662/1/901 970/1/424
f 662/1/901 660/1/693 970/1/424
f 312/1/907 971/1/923 647/1/924
f 658/1/919 663/1/336 971/1/923
f 971/1/923 325/1/337 652/1/922
f 647/1/924 652/1/922 321/1/921
f 640/1/356 639/1/416 319/1/900
f 640/1/356 667/1/918 972/1/925
f 667/1/918 668/1/408 972/1/925
f 637/1/426 636/1/926 321/1/921
f 637/1/426 665/1/435 973/1/927
f 665/1/435 669/1/908 973/1/927
f 636/1/926 669/1/908 328/1/909
f 647/1/924 671/1/928 312/1/907
f 321/1/921 974/1/929 647/1/924
f 328/1/909 974/1/929 636/1/926
f 312/1/907 975/1/427 631/1/395
f 670/1/417 671/1/928 328/1/909
f 318/1/338 976/1/429 666/1/409
f 314/1/400 977/1/430 672/1/428
f 645/1/423 675/1/930 315/1/432
f 323/1/340 978/1/931 645/1/423
f 330/1/916 978/1/931 641/1/911
f 316/1/694 979/1/433 674/1/915
f 674/1/915 675/1/930 330/1/916
f 676/1/932 643/1/692 317/1/903
f 329/1/914 980/1/434 676/1/932
f 317/1/903 981/1/436 676/1/932
f 676/1/932 677/1/412 329/1/914
f 678/1/933 681/1/421 982/1/438
f 620/1/566 678/1/933 302/1/437
f 620/1/566 679/1/371 984/1/443
f 984/1/443 331/1/364 678/1/933
f 335/1/934 985/1/935 688/1/936
f 348/1/937 985/1/935 725/1/938
f 716/1/939 726/1/940 985/1/935
f 688/1/936 726/1/940 338/1/941
f 357/1/942 986/1/449 734/1/845
f 346/1/507 986/1/449 721/1/943
f 734/1/845 730/1/448 358/1/944
f 345/1/945 987/1/946 714/1/947
f 333/1/948 987/1/946 723/1/949
f 687/1/950 724/1/951 987/1/946
f 714/1/947 724/1/951 352/1/952
f 358/1/944 988/1/953 733/1/501
f 351/1/695 988/1/953 730/1/448
f 988/1/953 356/1/954 727/1/955
f 988/1/953 360/1/697 733/1/501
f 365/1/512 989/1/450 754/1/519
f 354/1/493 989/1/450 750/1/494
f 989/1/450 367/1/473 754/1/519
f 724/1/951 709/1/956 352/1/952
f 337/1/957 990/1/958 724/1/951
f 686/1/959 726/1/940 990/1/958
f 990/1/958 355/1/960 709/1/956
f 704/1/961 723/1/949 345/1/945
f 704/1/961 725/1/938 991/1/962
f 725/1/938 684/1/963 991/1/962
f 723/1/949 684/1/963 333/1/948
f 992/1/457 360/1/697 732/1/454
f 719/1/461 699/1/465 344/1/964
f 688/1/936 695/1/965 335/1/934
f 338/1/941 993/1/966 688/1/936
f 694/1/967 693/1/968 993/1/966
f 993/1/966 340/1/969 695/1/965
f 731/1/474 721/1/943 357/1/942
f 721/1/943 702/1/477 346/1/507
f 690/1/970 692/1/971 339/1/972
f 690/1/970 693/1/968 995/1/973
f 995/1/973 342/1/974 691/1/975
f 995/1/973 341/1/976 692/1/971
f 686/1/959 694/1/967 338/1/941
f 686/1/959 696/1/977 996/1/978
f 996/1/978 341/1/976 691/1/975
f 996/1/978 342/1/974 694/1/967
f 333/1/948 997/1/979 697/1/980
f 335/1/934 997/1/979 684/1/963
f 997/1/979 340/1/969 690/1/970
f 997/1/979 339/1/972 697/1/980
f 337/1/957 998/1/981 696/1/977
f 687/1/950 697/1/980 998/1/981
f 998/1/981 339/1/972 692/1/971
f 696/1/977 692/1/971 341/1/976
f 699/1/465 698/1/481 344/1/964
f 699/1/465 700/1/478 999/1/480
f 702/1/477 701/1/982 346/1/507
f 702/1/477 703/1/983 1000/1/984
f 703/1/983 704/1/961 1000/1/984
f 701/1/982 704/1/961 345/1/945
f 740/1/483 735/1/985 361/1/986
f 735/1/985 707/1/486 354/1/493
f 739/1/987 737/1/988 363/1/989
f 739/1/987 710/1/990 1002/1/991
f 710/1/990 711/1/992 1002/1/991
f 737/1/988 711/1/992 351/1/695
f 713/1/488 748/1/699 349/1/993
f 714/1/947 744/1/994 345/1/945
f 352/1/952 1003/1/995 714/1/947
f 363/1/989 1003/1/995 708/1/996
f 745/1/997 716/1/939 348/1/937
f 364/1/998 1004/1/999 745/1/997
f 355/1/960 1004/1/999 738/1/1000
f 741/1/1001 718/1/492 344/1/964
f 361/1/986 1005/1/1002 741/1/1001
f 354/1/493 1005/1/1002 735/1/985
f 752/1/491 750/1/494 365/1/512
f 1006/1/496 359/1/455 731/1/474
f 1006/1/496 357/1/942 729/1/495
f 347/1/698 1007/1/497 715/1/1003
f 732/1/454 727/1/955 1007/1/497
f 715/1/1003 727/1/955 356/1/954
f 722/1/503 733/1/501 1008/1/499
f 1008/1/499 353/1/696 706/1/500
f 343/1/482 1009/1/1004 717/1/502
f 729/1/495 734/1/845 1009/1/1004
f 1009/1/1004 358/1/944 722/1/503
f 352/1/952 1010/1/1005 708/1/996
f 709/1/956 738/1/1000 1010/1/1005
f 738/1/1000 739/1/987 1010/1/1005
f 708/1/996 739/1/987 363/1/989
f 706/1/500 736/1/1006 1011/1/1007
f 736/1/1006 740/1/483 1011/1/1007
f 705/1/504 740/1/483 361/1/986
f 717/1/502 742/1/1008 343/1/482
f 361/1/986 1012/1/505 705/1/504
f 344/1/964 1013/1/1009 741/1/1001
f 343/1/482 1013/1/1009 698/1/481
f 741/1/1001 742/1/1008 361/1/986
f 351/1/695 1014/1/700 737/1/988
f 363/1/989 1014/1/700 743/1/506
f 346/1/507 1015/1/1010 743/1/506
f 345/1/945 1015/1/1010 701/1/982
f 743/1/506 744/1/994 363/1/989
f 715/1/1003 746/1/1011 347/1/698
f 356/1/954 1016/1/1012 715/1/1003
f 364/1/998 1016/1/1012 710/1/990
f 348/1/937 1017/1/1013 745/1/997
f 347/1/698 1017/1/1013 703/1/983
f 745/1/997 746/1/1011 364/1/998
f 353/1/696 1018/1/1014 736/1/1006
f 747/1/1015 712/1/458 350/1/456
f 362/1/489 1018/1/1014 747/1/1015
f 350/1/456 1019/1/1016 747/1/1015
f 349/1/993 1019/1/1016 700/1/478
f 747/1/1015 748/1/699 362/1/489
f 720/1/463 713/1/488 349/1/993
f 754/1/519 751/1/472 1020/1/520
f 757/1/536 396/1/701 1022/1/532
f 470/1/735 757/1/536 223/1/134
f 224/1/112 1023/1/534 470/1/735
f 269/1/863 1024/1/539 758/1/1017
f 758/1/1017 441/1/36 190/1/33
f 271/1/324 1025/1/542 556/1/316
f 270/1/327 1027/1/1018 759/1/543
f 553/1/865 758/1/1017 1027/1/1018
f 1027/1/1018 190/1/33 403/1/62
f 759/1/543 403/1/62 195/1/1
f 1028/1/549 202/1/553 438/1/54
f 233/1/214 1029/1/551 480/1/213
f 760/1/557 432/1/552 1029/1/551
f 476/1/220 760/1/557 233/1/214
f 232/1/223 1030/1/558 761/1/554
f 231/1/547 1030/1/558 477/1/776
f 762/1/559 436/1/563 212/1/677
f 762/1/559 430/1/97 1031/1/572
f 763/1/569 430/1/97 200/1/674
f 336/1/514 1032/1/573 764/1/574
f 685/1/518 765/1/576 1032/1/573
f 766/1/577 431/1/725 1033/1/575
f 765/1/576 431/1/725 211/1/10
f 1034/1/578 201/1/713 766/1/577
f 336/1/514 1035/1/580 689/1/510
f 818/1/1019 813/1/1020 371/1/1021
f 369/1/1022 1036/1/1023 818/1/1019
f 815/1/1024 819/1/1025 1036/1/1023
f 1036/1/1023 387/1/1026 813/1/1020
f 393/1/639 1037/1/1027 824/1/1028
f 788/1/1029 783/1/704 377/1/645
f 824/1/1028 788/1/1029 383/1/1030
f 809/1/644 769/1/1031 378/1/642
f 393/1/639 1038/1/582 809/1/644
f 378/1/642 1039/1/587 823/1/584
f 769/1/1031 791/1/591 1039/1/587
f 368/1/1032 1040/1/1033 801/1/1034
f 786/1/1035 795/1/1036 1040/1/1033
f 1040/1/1033 383/1/1030 788/1/1029
f 801/1/1034 788/1/1029 377/1/645
f 387/1/1026 1041/1/1037 779/1/1038
f 822/1/1039 778/1/638 1041/1/1037
f 778/1/638 824/1/1028 1041/1/1037
f 1041/1/1037 383/1/1030 779/1/1038
f 826/1/590 787/1/594 391/1/607
f 372/1/1040 1042/1/1041 797/1/1042
f 368/1/1032 1042/1/1041 820/1/1043
f 1042/1/1041 369/1/1022 784/1/1044
f 1042/1/1041 373/1/1045 797/1/1042
f 370/1/1046 1043/1/1047 795/1/1036
f 371/1/1021 1043/1/1047 811/1/1048
f 813/1/1020 779/1/1038 1043/1/1047
f 795/1/1036 779/1/1038 383/1/1030
f 394/1/1049 1044/1/1050 806/1/640
f 388/1/593 1044/1/1050 790/1/600
f 369/1/1022 1045/1/1051 815/1/1024
f 782/1/1052 801/1/1034 1045/1/1051
f 1045/1/1051 377/1/645 767/1/668
f 815/1/1024 767/1/668 379/1/706
f 390/1/1053 1046/1/603 827/1/606
f 381/1/612 1046/1/603 777/1/1054
f 774/1/702 770/1/609 390/1/1053
f 774/1/702 775/1/665 1047/1/608
f 775/1/665 823/1/584 1047/1/608
f 797/1/1042 776/1/1055 372/1/1040
f 797/1/1042 804/1/1056 1048/1/1057
f 1048/1/1057 375/1/1058 796/1/1059
f 1048/1/1057 374/1/1060 776/1/1055
f 1049/1/703 1071/1/656 392/1/633
f 1050/1/615 381/1/612 794/1/619
f 794/1/619 777/1/1054 1051/1/621
f 1051/1/621 390/1/1053 770/1/609
f 392/1/633 1053/1/632 773/1/629
f 1053/1/632 386/1/650 805/1/630
f 778/1/638 806/1/640 1054/1/641
f 811/1/1048 802/1/1061 371/1/1021
f 811/1/1048 771/1/1062 1055/1/1063
f 1055/1/1063 374/1/1060 796/1/1059
f 1055/1/1063 375/1/1058 802/1/1061
f 809/1/644 783/1/704 393/1/639
f 380/1/654 1056/1/651 799/1/1064
f 825/1/617 768/1/705 1056/1/651
f 799/1/1064 814/1/653 395/1/736
f 790/1/600 787/1/594 388/1/593
f 774/1/702 827/1/606 1057/1/657
f 1057/1/657 391/1/607 787/1/594
f 376/1/614 1058/1/658 768/1/705
f 1058/1/658 386/1/650 798/1/596
f 792/1/626 793/1/622 1060/1/663
f 376/1/614 1061/1/664 817/1/647
f 818/1/1019 784/1/1044 369/1/1022
f 371/1/1021 1062/1/1065 818/1/1019
f 802/1/1061 804/1/1056 1062/1/1065
f 1062/1/1065 373/1/1045 784/1/1044
f 773/1/629 780/1/613 392/1/633
f 773/1/629 781/1/625 1063/1/1066
f 781/1/625 789/1/660 1063/1/1066
f 1063/1/1066 384/1/604 780/1/613
f 378/1/642 1064/1/667 821/1/646
f 821/1/646 767/1/668 377/1/645
f 810/1/1067 819/1/1025 379/1/706
f 394/1/1049 1065/1/1068 810/1/1067
f 819/1/1025 822/1/1039 387/1/1026
f 370/1/1046 1066/1/1069 771/1/1062
f 786/1/1035 820/1/1043 1066/1/1069
f 1066/1/1069 372/1/1040 776/1/1055
f 771/1/1062 776/1/1055 374/1/1060
f 385/1/598 1067/1/1070 800/1/599
f 785/1/637 799/1/1064 1067/1/1070
f 1067/1/1070 395/1/736 812/1/669
f 810/1/1067 803/1/601 394/1/1049
f 379/1/706 1068/1/670 810/1/1067
f 828/1/164 400/1/720 1069/1/671
f 830/1/672 400/1/720 194/1/714
f 831/1/2 445/1/5 215/1/82
f 401/1/707 833/1/15 445/1/5
f 445/1/5 833/1/15 448/1/17
f 419/1/25 834/1/709 439/1/26
f 419/1/25 216/1/79 446/1/708
f 834/1/709 446/1/708 217/1/155
f 439/1/26 834/1/709 424/1/86
f 423/1/30 835/1/29 436/1/563
f 835/1/29 427/1/32 212/1/677
f 398/1/710 836/1/42 442/1/102
f 433/1/45 837/1/44 418/1/712
f 837/1/44 399/1/64 194/1/714
f 837/1/44 434/1/715 209/1/716
f 398/1/710 838/1/717 408/1/59
f 191/1/711 404/1/718 838/1/717
f 404/1/718 197/1/115 401/1/707
f 838/1/717 401/1/707 196/1/61
f 435/1/570 839/1/48 415/1/50
f 209/1/716 434/1/715 840/1/719
f 434/1/715 194/1/714 400/1/720
f 400/1/720 192/1/729 450/1/52
f 447/1/51 840/1/719 450/1/52
f 438/1/54 202/1/553 413/1/55
f 841/1/60 408/1/59 196/1/61
f 399/1/64 842/1/63 405/1/722
f 410/1/676 204/1/95 411/1/675
f 843/1/68 411/1/675 206/1/721
f 413/1/55 844/1/69 412/1/70
f 202/1/553 414/1/723 844/1/69
f 414/1/723 203/1/571 415/1/50
f 845/1/72 417/1/74 201/1/713
f 416/1/73 845/1/72 418/1/712
f 216/1/79 419/1/25 847/1/80
f 847/1/80 420/1/94 210/1/7
f 423/1/30 848/1/85 422/1/83
f 422/1/83 848/1/85 424/1/86
f 219/1/18 426/1/8 849/1/88
f 849/1/88 427/1/32 218/1/673
f 204/1/95 410/1/676 850/1/96
f 420/1/94 850/1/96 429/1/541
f 200/1/674 430/1/97 851/1/98
f 417/1/74 851/1/98 431/1/725
f 432/1/552 852/1/100 414/1/723
f 191/1/711 442/1/102 853/1/678
f 197/1/115 457/1/727 854/1/113
f 222/1/726 468/1/114 854/1/113
f 459/1/728 855/1/117 450/1/52
f 453/1/120 856/1/122 465/1/123
f 227/1/730 465/1/123 857/1/125
f 857/1/125 452/1/679 220/1/105
f 197/1/115 404/1/718 858/1/731
f 404/1/718 191/1/711 458/1/104
f 858/1/731 458/1/104 220/1/105
f 457/1/727 858/1/731 451/1/732
f 406/1/126 859/1/128 459/1/728
f 859/1/128 460/1/129 221/1/132
f 228/1/78 443/1/131 860/1/130
f 472/1/136 861/1/135 463/1/137
f 422/1/83 862/1/139 463/1/137
f 463/1/137 862/1/139 456/1/106
f 206/1/721 440/1/58 863/1/733
f 466/1/141 863/1/733 440/1/58
f 473/1/734 863/1/733 466/1/141
f 453/1/120 227/1/730 466/1/141
f 865/1/680 468/1/114 222/1/726
f 222/1/726 451/1/732 866/1/151
f 451/1/732 220/1/105 452/1/679
f 455/1/149 866/1/151 469/1/153
f 454/1/148 224/1/112 470/1/735
f 867/1/154 470/1/735 223/1/134
f 217/1/155 446/1/708 868/1/156
f 216/1/79 471/1/92 868/1/156
f 218/1/673 472/1/136 869/1/157
f 425/1/724 869/1/157 428/1/20
f 416/1/73 209/1/716 447/1/51
f 473/1/734 870/1/159 409/1/66
f 227/1/730 464/1/124 870/1/159
f 395/1/736 814/1/653 871/1/737
f 871/1/737 830/1/672 194/1/714
f 829/1/738 871/1/737 405/1/722
f 812/1/669 395/1/736 829/1/738
f 872/1/161 829/1/738 199/1/24
f 816/1/163 873/1/166 828/1/164
f 828/1/164 873/1/166 406/1/126
f 244/1/739 509/1/740 874/1/168
f 509/1/740 253/1/764 519/1/174
f 479/1/169 874/1/168 519/1/174
f 255/1/741 513/1/745 875/1/742
f 242/1/744 506/1/746 875/1/742
f 506/1/746 247/1/756 523/1/747
f 529/1/743 875/1/742 523/1/747
f 241/1/749 516/1/753 876/1/750
f 230/1/752 478/1/682 876/1/750
f 507/1/751 876/1/750 517/1/172
f 256/1/748 523/1/747 877/1/754
f 247/1/756 503/1/801 877/1/754
f 877/1/754 503/1/801 254/1/757
f 877/1/754 520/1/758 258/1/759
f 264/1/206 545/1/205 878/1/760
f 251/1/761 500/1/762 878/1/760
f 500/1/762 250/1/217 521/1/216
f 878/1/760 521/1/216 266/1/187
f 517/1/172 879/1/171 501/1/763
f 879/1/171 519/1/174 253/1/764
f 496/1/198 880/1/765 516/1/753
f 496/1/198 244/1/739 518/1/681
f 516/1/753 880/1/765 475/1/193
f 524/1/766 881/1/770 527/1/767
f 246/1/769 504/1/771 881/1/770
f 504/1/771 249/1/822 525/1/772
f 881/1/770 525/1/772 258/1/759
f 548/1/175 265/1/185 512/1/178
f 512/1/178 245/1/803 490/1/180
f 479/1/169 882/1/773 486/1/182
f 234/1/189 485/1/188 882/1/773
f 485/1/188 238/1/784 484/1/774
f 882/1/773 484/1/774 236/1/775
f 231/1/547 477/1/776 883/1/186
f 477/1/776 232/1/223 547/1/222
f 883/1/186 547/1/222 266/1/187
f 526/1/777 884/1/779 513/1/745
f 526/1/777 257/1/768 515/1/778
f 515/1/778 243/1/815 494/1/195
f 513/1/745 884/1/779 494/1/195
f 481/1/780 885/1/783 483/1/781
f 481/1/780 236/1/775 484/1/774
f 885/1/783 484/1/774 238/1/784
f 885/1/783 482/1/785 237/1/786
f 886/1/191 487/1/190 237/1/786
f 886/1/191 482/1/785 238/1/784
f 230/1/752 475/1/193 887/1/192
f 887/1/192 486/1/182 236/1/775
f 887/1/192 481/1/780 235/1/782
f 478/1/682 230/1/752 488/1/787
f 888/1/194 488/1/787 235/1/782
f 487/1/190 888/1/194 483/1/781
f 490/1/180 889/1/790 489/1/788
f 490/1/180 245/1/803 491/1/789
f 491/1/789 246/1/769 492/1/791
f 489/1/788 889/1/790 492/1/791
f 494/1/195 243/1/815 495/1/196
f 495/1/196 244/1/739 496/1/198
f 535/1/793 890/1/797 530/1/794
f 535/1/793 260/1/805 499/1/796
f 499/1/796 250/1/217 500/1/762
f 530/1/794 890/1/797 500/1/762
f 534/1/209 891/1/800 532/1/798
f 534/1/209 262/1/808 502/1/799
f 502/1/799 254/1/757 503/1/801
f 532/1/798 891/1/800 503/1/801
f 505/1/218 892/1/804 543/1/802
f 250/1/217 499/1/796 892/1/804
f 260/1/805 543/1/802 892/1/804
f 507/1/751 893/1/200 539/1/806
f 261/1/199 539/1/806 893/1/200
f 540/1/807 894/1/809 509/1/740
f 262/1/808 533/1/810 894/1/809
f 253/1/764 509/1/740 894/1/809
f 536/1/811 895/1/812 511/1/204
f 259/1/795 530/1/794 895/1/812
f 251/1/761 511/1/204 895/1/812
f 896/1/202 511/1/204 251/1/761
f 492/1/791 897/1/814 522/1/813
f 492/1/791 246/1/769 524/1/766
f 897/1/814 524/1/766 257/1/768
f 897/1/814 526/1/777 255/1/741
f 243/1/815 515/1/778 898/1/816
f 257/1/768 527/1/767 898/1/816
f 527/1/767 258/1/759 520/1/758
f 508/1/817 898/1/816 520/1/758
f 252/1/818 514/1/821 899/1/819
f 514/1/821 256/1/748 528/1/755
f 528/1/755 258/1/759 525/1/772
f 899/1/819 525/1/772 249/1/822
f 239/1/792 522/1/813 900/1/823
f 522/1/813 255/1/741 529/1/743
f 900/1/823 529/1/743 256/1/748
f 510/1/824 900/1/823 514/1/821
f 248/1/207 501/1/763 901/1/208
f 501/1/763 253/1/764 533/1/810
f 533/1/810 262/1/808 534/1/209
f 498/1/820 902/1/827 497/1/825
f 498/1/820 249/1/822 531/1/826
f 531/1/826 260/1/805 535/1/793
f 497/1/825 902/1/827 535/1/793
f 510/1/824 903/1/829 537/1/828
f 252/1/818 497/1/825 903/1/829
f 259/1/795 537/1/828 903/1/829
f 240/1/181 489/1/788 904/1/830
f 239/1/792 537/1/828 904/1/830
f 536/1/811 904/1/830 537/1/828
f 247/1/756 506/1/746 905/1/831
f 538/1/832 905/1/831 506/1/746
f 261/1/199 532/1/798 905/1/831
f 242/1/744 493/1/683 906/1/833
f 241/1/749 539/1/806 906/1/833
f 538/1/832 906/1/833 539/1/806
f 508/1/817 907/1/835 541/1/834
f 254/1/757 502/1/799 907/1/835
f 262/1/808 541/1/834 907/1/835
f 244/1/739 495/1/196 908/1/836
f 243/1/815 541/1/834 908/1/836
f 540/1/807 908/1/836 541/1/834
f 249/1/822 504/1/771 909/1/837
f 542/1/838 909/1/837 504/1/771
f 260/1/805 531/1/826 909/1/837
f 246/1/769 491/1/789 910/1/839
f 245/1/803 543/1/802 910/1/839
f 542/1/838 910/1/839 543/1/802
f 229/1/550 544/1/210 911/1/211
f 474/1/545 912/1/840 544/1/210
f 231/1/547 546/1/183 912/1/840
f 912/1/840 546/1/183 265/1/185
f 912/1/840 548/1/175 263/1/177
f 549/1/221 266/1/187 547/1/222
f 281/1/227 583/1/841 913/1/225
f 583/1/841 289/1/857 591/1/842
f 555/1/226 913/1/225 591/1/842
f 290/1/296 586/1/846 914/1/844
f 279/1/273 580/1/690 914/1/844
f 580/1/690 284/1/285 595/1/847
f 599/1/845 914/1/844 595/1/847
f 278/1/274 589/1/851 915/1/848
f 268/1/850 554/1/684 915/1/848
f 581/1/849 915/1/848 590/1/240
f 291/1/229 595/1/847 916/1/230
f 284/1/285 577/1/284 916/1/230
f 916/1/230 592/1/233 293/1/234
f 613/1/853 917/1/237 619/1/854
f 917/1/237 593/1/236 301/1/855
f 590/1/240 918/1/239 575/1/856
f 552/1/685 272/1/843 591/1/842
f 918/1/239 591/1/842 289/1/857
f 570/1/241 919/1/242 589/1/851
f 589/1/851 919/1/242 551/1/243
f 283/1/858 578/1/859 920/1/247
f 578/1/859 286/1/883 597/1/302
f 920/1/247 597/1/302 293/1/234
f 555/1/226 922/1/256 562/1/255
f 272/1/843 561/1/860 922/1/256
f 561/1/860 275/1/261 560/1/259
f 614/1/861 923/1/864 617/1/862
f 269/1/863 553/1/865 923/1/864
f 553/1/865 270/1/327 615/1/866
f 923/1/864 615/1/866 301/1/855
f 598/1/295 924/1/868 586/1/846
f 598/1/295 292/1/246 588/1/867
f 588/1/867 280/1/881 568/1/271
f 586/1/846 924/1/868 568/1/271
f 552/1/685 925/1/870 561/1/860
f 925/1/870 563/1/267 274/1/263
f 925/1/870 558/1/262 275/1/261
f 268/1/850 551/1/243 926/1/265
f 926/1/265 557/1/258 273/1/869
f 554/1/684 268/1/850 564/1/871
f 927/1/266 564/1/871 273/1/869
f 563/1/267 927/1/266 559/1/264
f 566/1/269 283/1/858 567/1/293
f 565/1/268 928/1/270 567/1/293
f 568/1/271 280/1/881 569/1/872
f 569/1/872 281/1/227 570/1/241
f 603/1/275 295/1/289 573/1/278
f 602/1/281 297/1/877 576/1/688
f 581/1/849 932/1/874 607/1/873
f 285/1/852 574/1/875 932/1/874
f 296/1/283 607/1/873 932/1/874
f 608/1/876 933/1/878 583/1/841
f 297/1/877 601/1/879 933/1/878
f 289/1/857 583/1/841 933/1/878
f 604/1/880 934/1/290 584/1/291
f 287/1/280 584/1/291 934/1/290
f 935/1/292 584/1/291 287/1/280
f 616/1/318 935/1/292 613/1/853
f 567/1/293 283/1/858 596/1/244
f 280/1/881 588/1/867 936/1/298
f 582/1/299 936/1/298 592/1/233
f 288/1/306 587/1/300 937/1/301
f 937/1/301 597/1/302 286/1/883
f 276/1/303 594/1/297 938/1/304
f 594/1/297 290/1/296 599/1/845
f 938/1/304 599/1/845 291/1/229
f 575/1/856 939/1/884 574/1/875
f 575/1/856 289/1/857 601/1/879
f 601/1/879 297/1/877 602/1/281
f 574/1/875 939/1/884 602/1/281
f 572/1/882 940/1/886 571/1/309
f 572/1/882 286/1/883 600/1/885
f 600/1/885 295/1/289 603/1/275
f 571/1/309 940/1/886 603/1/275
f 277/1/254 565/1/268 941/1/887
f 276/1/303 605/1/307 941/1/887
f 604/1/880 941/1/887 605/1/307
f 278/1/274 607/1/873 942/1/312
f 606/1/311 942/1/312 607/1/873
f 582/1/299 943/1/313 609/1/888
f 297/1/877 609/1/888 943/1/313
f 281/1/227 569/1/872 944/1/889
f 280/1/881 609/1/888 944/1/889
f 608/1/876 944/1/889 609/1/888
f 286/1/883 578/1/859 945/1/890
f 610/1/891 945/1/890 578/1/859
f 295/1/289 600/1/885 945/1/890
f 283/1/858 566/1/269 946/1/892
f 282/1/321 611/1/689 946/1/892
f 610/1/891 946/1/892 611/1/689
f 612/1/317 298/1/250 616/1/318
f 300/1/322 617/1/862 947/1/323
f 617/1/862 301/1/855 593/1/236
f 579/1/288 947/1/323 593/1/236
f 550/1/537 948/1/893 612/1/317
f 550/1/537 269/1/863 614/1/861
f 948/1/893 614/1/861 300/1/322
f 948/1/893 618/1/248 298/1/250
f 271/1/324 585/1/320 949/1/325
f 299/1/319 619/1/854 949/1/325
f 619/1/854 301/1/855 615/1/866
f 949/1/325 615/1/866 270/1/327
f 316/1/694 646/1/894 950/1/329
f 646/1/894 322/1/355 657/1/354
f 950/1/329 657/1/354 307/1/331
f 324/1/895 651/1/332 951/1/334
f 313/1/404 654/1/899 952/1/896
f 303/1/898 623/1/906 952/1/896
f 952/1/896 623/1/906 306/1/350
f 644/1/897 952/1/896 655/1/352
f 318/1/338 642/1/913 953/1/339
f 953/1/339 642/1/913 323/1/340
f 635/1/403 954/1/902 654/1/899
f 635/1/403 316/1/694 656/1/691
f 654/1/899 954/1/902 621/1/393
f 317/1/903 643/1/692 955/1/360
f 955/1/360 660/1/693 327/1/361
f 307/1/331 627/1/389 956/1/370
f 627/1/389 311/1/386 626/1/384
f 956/1/370 626/1/384 309/1/394
f 679/1/371 957/1/376 682/1/372
f 661/1/377 326/1/359 653/1/378
f 653/1/378 315/1/432 634/1/380
f 958/1/391 629/1/390 310/1/388
f 958/1/391 624/1/387 311/1/386
f 303/1/898 621/1/393 959/1/392
f 959/1/392 628/1/369 309/1/394
f 306/1/350 623/1/906 960/1/905
f 623/1/906 303/1/898 630/1/904
f 960/1/905 630/1/904 308/1/383
f 629/1/390 960/1/905 625/1/382
f 632/1/396 317/1/903 633/1/398
f 669/1/908 962/1/405 664/1/407
f 669/1/908 329/1/914 638/1/910
f 962/1/405 638/1/910 320/1/406
f 668/1/408 963/1/912 666/1/409
f 668/1/408 330/1/916 641/1/911
f 963/1/912 641/1/911 323/1/340
f 963/1/912 642/1/913 318/1/338
f 320/1/406 638/1/910 964/1/414
f 329/1/914 677/1/412 964/1/414
f 644/1/897 965/1/415 673/1/431
f 319/1/900 639/1/416 965/1/415
f 674/1/915 966/1/917 646/1/894
f 330/1/916 667/1/918 966/1/917
f 322/1/355 646/1/894 966/1/917
f 670/1/417 967/1/419 648/1/418
f 328/1/909 664/1/407 967/1/419
f 633/1/398 968/1/920 658/1/919
f 633/1/398 317/1/903 659/1/357
f 968/1/920 659/1/357 326/1/359
f 968/1/920 661/1/377 324/1/895
f 653/1/378 969/1/422 645/1/423
f 321/1/921 652/1/922 970/1/424
f 652/1/922 325/1/337 662/1/901
f 662/1/901 327/1/361 660/1/693
f 312/1/907 658/1/919 971/1/923
f 658/1/919 324/1/895 663/1/336
f 971/1/923 663/1/336 325/1/337
f 647/1/924 971/1/923 652/1/922
f 640/1/356 972/1/925 639/1/416
f 640/1/356 322/1/355 667/1/918
f 667/1/918 330/1/916 668/1/408
f 639/1/416 972/1/925 668/1/408
f 637/1/426 973/1/927 636/1/926
f 665/1/435 329/1/914 669/1/908
f 636/1/926 973/1/927 669/1/908
f 647/1/924 974/1/929 671/1/928
f 321/1/921 636/1/926 974/1/929
f 328/1/909 671/1/928 974/1/929
f 312/1/907 671/1/928 975/1/427
f 670/1/417 975/1/427 671/1/928
f 313/1/404 673/1/431 977/1/430
f 672/1/428 977/1/430 673/1/431
f 645/1/423 978/1/931 675/1/930
f 323/1/340 641/1/911 978/1/931
f 330/1/916 675/1/930 978/1/931
f 315/1/432 675/1/930 979/1/433
f 674/1/915 979/1/433 675/1/930
f 676/1/932 980/1/434 643/1/692
f 329/1/914 665/1/435 980/1/434
f 317/1/903 632/1/396 981/1/436
f 676/1/932 981/1/436 677/1/412
f 302/1/437 678/1/933 982/1/438
f 678/1/933 331/1/364 681/1/421
f 620/1/566 984/1/443 678/1/933
f 620/1/566 304/1/567 679/1/371
f 335/1/934 725/1/938 985/1/935
f 348/1/937 716/1/939 985/1/935
f 716/1/939 355/1/960 726/1/940
f 688/1/936 985/1/935 726/1/940
f 357/1/942 721/1/943 986/1/449
f 734/1/845 986/1/449 730/1/448
f 345/1/945 723/1/949 987/1/946
f 333/1/948 687/1/950 987/1/946
f 687/1/950 337/1/957 724/1/951
f 714/1/947 987/1/946 724/1/951
f 358/1/944 730/1/448 988/1/953
f 351/1/695 711/1/992 988/1/953
f 988/1/953 711/1/992 356/1/954
f 988/1/953 727/1/955 360/1/697
f 365/1/512 750/1/494 989/1/450
f 354/1/493 707/1/486 989/1/450
f 989/1/450 728/1/452 367/1/473
f 724/1/951 990/1/958 709/1/956
f 337/1/957 686/1/959 990/1/958
f 686/1/959 338/1/941 726/1/940
f 990/1/958 726/1/940 355/1/960
f 704/1/961 991/1/962 723/1/949
f 704/1/961 348/1/937 725/1/938
f 725/1/938 335/1/934 684/1/963
f 723/1/949 991/1/962 684/1/963
f 350/1/456 712/1/458 992/1/457
f 753/1/460 366/1/468 720/1/463
f 720/1/463 349/1/993 699/1/465
f 688/1/936 993/1/966 695/1/965
f 338/1/941 694/1/967 993/1/966
f 694/1/967 342/1/974 693/1/968
f 993/1/966 693/1/968 340/1/969
f 731/1/474 994/1/476 721/1/943
f 721/1/943 994/1/476 702/1/477
f 690/1/970 995/1/973 692/1/971
f 690/1/970 340/1/969 693/1/968
f 995/1/973 693/1/968 342/1/974
f 995/1/973 691/1/975 341/1/976
f 686/1/959 996/1/978 694/1/967
f 686/1/959 337/1/957 696/1/977
f 996/1/978 696/1/977 341/1/976
f 996/1/978 691/1/975 342/1/974
f 333/1/948 684/1/963 997/1/979
f 335/1/934 695/1/965 997/1/979
f 997/1/979 695/1/965 340/1/969
f 997/1/979 690/1/970 339/1/972
f 337/1/957 687/1/950 998/1/981
f 687/1/950 333/1/948 697/1/980
f 998/1/981 697/1/980 339/1/972
f 696/1/977 998/1/981 692/1/971
f 699/1/465 999/1/480 698/1/481
f 699/1/465 349/1/993 700/1/478
f 702/1/477 1000/1/984 701/1/982
f 702/1/477 347/1/698 703/1/983
f 703/1/983 348/1/937 704/1/961
f 701/1/982 1000/1/984 704/1/961
f 740/1/483 1001/1/485 735/1/985
f 735/1/985 1001/1/485 707/1/486
f 739/1/987 1002/1/991 737/1/988
f 739/1/987 364/1/998 710/1/990
f 710/1/990 356/1/954 711/1/992
f 737/1/988 1002/1/991 711/1/992
f 714/1/947 1003/1/995 744/1/994
f 352/1/952 708/1/996 1003/1/995
f 363/1/989 744/1/994 1003/1/995
f 745/1/997 1004/1/999 716/1/939
f 364/1/998 738/1/1000 1004/1/999
f 355/1/960 716/1/939 1004/1/999
f 741/1/1001 1005/1/1002 718/1/492
f 361/1/986 735/1/985 1005/1/1002
f 354/1/493 718/1/492 1005/1/1002
f 719/1/461 344/1/964 718/1/492
f 1006/1/496 731/1/474 357/1/942
f 359/1/455 732/1/454 1007/1/497
f 732/1/454 360/1/697 727/1/955
f 715/1/1003 1007/1/497 727/1/955
f 722/1/503 358/1/944 733/1/501
f 343/1/482 729/1/495 1009/1/1004
f 729/1/495 357/1/942 734/1/845
f 1009/1/1004 734/1/845 358/1/944
f 717/1/502 1009/1/1004 722/1/503
f 352/1/952 709/1/956 1010/1/1005
f 709/1/956 355/1/960 738/1/1000
f 738/1/1000 364/1/998 739/1/987
f 708/1/996 1010/1/1005 739/1/987
f 706/1/500 1011/1/1007 705/1/504
f 706/1/500 353/1/696 736/1/1006
f 736/1/1006 362/1/489 740/1/483
f 705/1/504 1011/1/1007 740/1/483
f 717/1/502 1012/1/505 742/1/1008
f 361/1/986 742/1/1008 1012/1/505
f 344/1/964 698/1/481 1013/1/1009
f 343/1/482 742/1/1008 1013/1/1009
f 741/1/1001 1013/1/1009 742/1/1008
f 363/1/989 737/1/988 1014/1/700
f 346/1/507 701/1/982 1015/1/1010
f 345/1/945 744/1/994 1015/1/1010
f 743/1/506 1015/1/1010 744/1/994
f 715/1/1003 1016/1/1012 746/1/1011
f 356/1/954 710/1/990 1016/1/1012
f 364/1/998 746/1/1011 1016/1/1012
f 348/1/937 703/1/983 1017/1/1013
f 347/1/698 746/1/1011 1017/1/1013
f 745/1/997 1017/1/1013 746/1/1011
f 353/1/696 712/1/458 1018/1/1014
f 747/1/1015 1018/1/1014 712/1/458
f 362/1/489 736/1/1006 1018/1/1014
f 350/1/456 700/1/478 1019/1/1016
f 349/1/993 748/1/699 1019/1/1016
f 747/1/1015 1019/1/1016 748/1/699
f 754/1/519 367/1/473 751/1/472
f 223/1/134 757/1/536 1022/1/532
f 1022/1/532 396/1/701 189/1/529
f 470/1/735 1023/1/534 757/1/536
f 224/1/112 755/1/522 1023/1/534
f 269/1/863 550/1/537 1024/1/539
f 758/1/1017 1024/1/539 441/1/36
f 270/1/327 553/1/865 1027/1/1018
f 553/1/865 269/1/863 758/1/1017
f 1027/1/1018 758/1/1017 190/1/33
f 759/1/543 1027/1/1018 403/1/62
f 1028/1/549 438/1/54 204/1/95
f 229/1/550 480/1/213 1029/1/551
f 233/1/214 760/1/557 1029/1/551
f 760/1/557 214/1/556 432/1/552
f 476/1/220 232/1/223 761/1/554
f 232/1/223 477/1/776 1030/1/558
f 763/1/569 200/1/674 435/1/570
f 762/1/559 212/1/677 430/1/97
f 763/1/569 1031/1/572 430/1/97
f 336/1/514 685/1/518 1032/1/573
f 1032/1/573 765/1/576 211/1/10
f 766/1/577 201/1/713 431/1/725
f 765/1/576 1033/1/575 431/1/725
f 1034/1/578 433/1/45 201/1/713
f 336/1/514 764/1/574 1035/1/580
f 818/1/1019 1036/1/1023 813/1/1020
f 369/1/1022 815/1/1024 1036/1/1023
f 815/1/1024 379/1/706 819/1/1025
f 1036/1/1023 819/1/1025 387/1/1026
f 393/1/639 783/1/704 1037/1/1027
f 788/1/1029 1037/1/1027 783/1/704
f 824/1/1028 1037/1/1027 788/1/1029
f 809/1/644 1038/1/582 769/1/1031
f 382/1/581 769/1/1031 1038/1/582
f 378/1/642 769/1/1031 1039/1/587
f 769/1/1031 382/1/581 791/1/591
f 1039/1/587 791/1/591 389/1/588
f 368/1/1032 786/1/1035 1040/1/1033
f 786/1/1035 370/1/1046 795/1/1036
f 1040/1/1033 795/1/1036 383/1/1030
f 801/1/1034 1040/1/1033 788/1/1029
f 387/1/1026 822/1/1039 1041/1/1037
f 822/1/1039 394/1/1049 778/1/638
f 778/1/638 393/1/639 824/1/1028
f 1041/1/1037 824/1/1028 383/1/1030
f 372/1/1040 820/1/1043 1042/1/1041
f 368/1/1032 782/1/1052 1042/1/1041
f 1042/1/1041 782/1/1052 369/1/1022
f 1042/1/1041 784/1/1044 373/1/1045
f 370/1/1046 811/1/1048 1043/1/1047
f 371/1/1021 813/1/1020 1043/1/1047
f 813/1/1020 387/1/1026 779/1/1038
f 795/1/1036 1043/1/1047 779/1/1038
f 394/1/1049 803/1/601 1044/1/1050
f 790/1/600 1044/1/1050 803/1/601
f 388/1/593 806/1/640 1044/1/1050
f 369/1/1022 782/1/1052 1045/1/1051
f 782/1/1052 368/1/1032 801/1/1034
f 1045/1/1051 801/1/1034 377/1/645
f 815/1/1024 1045/1/1051 767/1/668
f 390/1/1053 777/1/1054 1046/1/603
f 774/1/702 1047/1/608 770/1/609
f 775/1/665 378/1/642 823/1/584
f 797/1/1042 1048/1/1057 776/1/1055
f 797/1/1042 373/1/1045 804/1/1056
f 1048/1/1057 804/1/1056 375/1/1058
f 1048/1/1057 796/1/1059 374/1/1060
f 392/1/633 780/1/613 1049/1/703
f 376/1/614 825/1/617 1050/1/615
f 794/1/619 381/1/612 777/1/1054
f 1051/1/621 777/1/1054 390/1/1053
f 793/1/622 1051/1/621 770/1/609
f 792/1/626 1052/1/624 808/1/627
f 773/1/629 1053/1/632 805/1/630
f 392/1/633 772/1/631 1053/1/632
f 778/1/638 394/1/1049 806/1/640
f 811/1/1048 1055/1/1063 802/1/1061
f 811/1/1048 370/1/1046 771/1/1062
f 1055/1/1063 771/1/1062 374/1/1060
f 1055/1/1063 796/1/1059 375/1/1058
f 380/1/654 825/1/617 1056/1/651
f 825/1/617 376/1/614 768/1/705
f 799/1/1064 1056/1/651 814/1/653
f 790/1/600 1057/1/657 787/1/594
f 774/1/702 390/1/1053 827/1/606
f 1057/1/657 827/1/606 391/1/607
f 1059/1/661 826/1/590 391/1/607
f 817/1/647 1061/1/664 808/1/627
f 818/1/1019 1062/1/1065 784/1/1044
f 371/1/1021 802/1/1061 1062/1/1065
f 802/1/1061 375/1/1058 804/1/1056
f 1062/1/1065 804/1/1056 373/1/1045
f 773/1/629 1063/1/1066 780/1/613
f 1063/1/1066 789/1/660 384/1/604
f 378/1/642 775/1/665 1064/1/667
f 821/1/646 1064/1/667 767/1/668
f 810/1/1067 1065/1/1068 819/1/1025
f 394/1/1049 822/1/1039 1065/1/1068
f 819/1/1025 1065/1/1068 822/1/1039
f 370/1/1046 786/1/1035 1066/1/1069
f 786/1/1035 368/1/1032 820/1/1043
f 1066/1/1069 820/1/1043 372/1/1040
f 771/1/1062 1066/1/1069 776/1/1055
f 800/1/599 1067/1/1070 812/1/669
f 385/1/598 785/1/637 1067/1/1070
f 1070/1/636 799/1/1064 785/1/637
f 1067/1/1070 799/1/1064 395/1/736
f 810/1/1067 1068/1/670 803/1/601
f 828/1/164 192/1/729 400/1/720
f 830/1/672 1069/1/671 400/1/720
f 136/1/635 380/1/654 1070/1/636
f 136/1/635 392/1/633 1071/1/656
f 1049/1/703 807/1/610 1071/1/656
f 1070/1/636 380/1/654 799/1/1064
f 46/1/533 1/1/526 47/1/525 3/1/531 397/1/530 189/1/529 396/1/701 2/1/535
